{
  "best_acc": 44.04,
  "final_mean": 42.708,
  "test_acc_history": [
    8.99,
    13.16,
    16.16,
    19.06,
    23.13,
    25.52,
    26.9,
    29.39,
    31.21,
    33.13,
    33.45,
    34.26,
    36.32,
    37.13,
    38.12,
    38.81,
    39.13,
    40.44,
    41.2,
    41.72,
    41.7,
    42.46,
    42.32,
    42.49,
    42.88,
    42.48,
    42.97,
    43.41,
    42.9,
    44.04,
    43.62,
    43.38,
    43.73,
    43.08,
    43.65,
    43.62,
    43.59,
    43.16,
    43.35,
    42.95,
    42.45,
    42.63,
    42.03,
    41.58,
    42.65,
    41.97,
    42.24,
    42.65,
    41.79,
    41.72,
    42.28,
    41.6,
    41.58,
    41.66,
    41.4,
    41.44,
    41.94,
    42.02,
    41.65,
    40.96,
    41.83,
    42.07,
    41.44,
    42.32,
    41.95,
    41.6,
    41.97,
    41.91,
    41.52,
    41.69,
    42.2,
    41.82,
    41.73,
    41.21,
    42.16,
    41.65,
    41.65,
    41.84,
    41.38,
    41.59,
    41.99,
    41.97,
    41.43,
    41.97,
    41.89,
    41.65,
    42.4,
    41.96,
    42.62,
    42.7,
    42.23,
    42.13,
    41.52,
    41.71,
    42.06,
    41.94,
    41.87,
    42.36,
    41.5,
    42.29,
    41.94,
    41.63,
    41.69,
    41.96,
    41.34,
    41.83,
    41.33,
    41.72,
    42.11,
    41.89,
    42.0,
    41.92,
    42.42,
    41.9,
    42.19,
    42.48,
    42.07,
    41.93,
    41.9,
    42.42,
    42.09,
    42.62,
    42.2,
    42.11,
    41.94,
    42.03,
    42.46,
    41.86,
    41.71,
    42.49,
    42.38,
    42.56,
    42.25,
    42.5,
    42.04,
    42.15,
    42.21,
    42.48,
    42.23,
    42.42,
    42.58,
    42.71,
    43.14,
    42.91,
    42.92,
    42.59,
    42.48,
    42.73,
    42.52,
    42.84,
    42.92,
    42.8,
    42.82,
    42.82,
    43.03,
    42.94,
    43.03,
    42.82,
    43.16,
    42.71,
    42.61,
    42.94,
    42.9,
    43.42,
    43.06,
    42.82,
    43.07,
    43.33,
    43.18,
    43.19,
    43.19,
    43.27,
    42.91,
    42.92,
    43.09,
    43.07,
    42.82,
    42.9,
    42.89,
    42.87,
    42.9,
    42.91,
    42.98,
    42.92,
    42.86,
    42.94,
    42.86,
    42.79,
    42.68,
    42.66,
    42.73,
    42.68,
    42.68,
    42.77,
    42.73,
    42.66,
    42.71,
    42.73,
    42.73,
    42.71
  ],
  "train_loss_history": [
    4.21335674188076,
    3.8332986978384165,
    3.6045567023448455,
    3.4122405027731872,
    3.222979491796249,
    3.0535045782725017,
    2.9237428579574978,
    2.809881617472722,
    2.7009995937347413,
    2.609702672713842,
    2.5349479149549436,
    2.459173522851406,
    2.3825605490268806,
    2.3046604511065363,
    2.2466079821953406,
    2.1841938929680067,
    2.1157142388514982,
    2.0481572566888273,
    1.9757042621954894,
    1.912030991529807,
    1.8480497011771568,
    1.7807165555464917,
    1.7235186998660748,
    1.6568777555074448,
    1.5938479020045353,
    1.5247955102186936,
    1.4585805556713007,
    1.3868160736866486,
    1.3270074715981117,
    1.2645194600789975,
    1.1993810079036615,
    1.1328492482503256,
    1.0715204403950618,
    1.0130624120052045,
    0.9524389710181799,
    0.9015933742889991,
    0.845383497996208,
    0.7899522769145476,
    0.748202458406106,
    0.6938690527891501,
    0.6491124457273728,
    0.6149736240888253,
    0.5711239006274785,
    0.5430820084535158,
    0.5123698093952277,
    0.4872699425770686,
    0.457998659213384,
    0.4367117602091569,
    0.41464156691844645,
    0.3934158482612708,
    0.3756231813858717,
    0.3512657302312362,
    0.34382667197630956,
    0.31837858167978433,
    0.30732624851740326,
    0.2947349909024361,
    0.27975039405700486,
    0.2680041595147206,
    0.2654921478185898,
    0.250119141355539,
    0.24156824067617075,
    0.2346241186062495,
    0.22581337506954485,
    0.22010175241873814,
    0.21182411847970425,
    0.20454528339398212,
    0.19445776652831298,
    0.19340913066497215,
    0.18097803046305974,
    0.17434005706738204,
    0.17088252241030719,
    0.16090926887133183,
    0.15939065443399625,
    0.1586359638052109,
    0.14783285833322085,
    0.14044453150186784,
    0.1420991246134807,
    0.1347068299085666,
    0.13370046241161151,
    0.12528167596230141,
    0.1225109800314292,
    0.11931398146045513,
    0.11822977962020116,
    0.11279127343724936,
    0.11042537081700105,
    0.10652144195941779,
    0.10570875899149822,
    0.09787653174537879,
    0.09296577234680836,
    0.09224417194342002,
    0.0891187500113096,
    0.08673096325917122,
    0.08354711102751586,
    0.08354899027408698,
    0.07815208063484766,
    0.07720724162765039,
    0.07321986948641447,
    0.07115584864066198,
    0.07031155390999257,
    0.06708211100254304,
    0.06395649528847291,
    0.06569223585419166,
    0.06220293197876368,
    0.05697347791149066,
    0.05392396036439981,
    0.05567926730100925,
    0.05281483858632736,
    0.05016998833952806,
    0.049855879808847724,
    0.04723177760457381,
    0.045260320202662394,
    0.0455715412990405,
    0.042933475211835825,
    0.038910503198321046,
    0.03981465349594752,
    0.03963969155477408,
    0.03528104259704168,
    0.034540195600726666,
    0.03442504789489202,
    0.03450098717346405,
    0.032003105809100166,
    0.030069068948236796,
    0.030419414702993936,
    0.028953426512770164,
    0.02491301025908727,
    0.02506667597649189,
    0.024179767394581667,
    0.022170086458134345,
    0.02111615494418985,
    0.01929081676241297,
    0.02033288038502901,
    0.018758300930643693,
    0.018468724119548613,
    0.016017587437557105,
    0.01708962790763531,
    0.016799498358980203,
    0.014917949324425979,
    0.013926751849551996,
    0.013380630302410094,
    0.012553019129121915,
    0.010831538929293553,
    0.01201572366631948,
    0.009773014134799059,
    0.00994419612420293,
    0.00965107964256253,
    0.009805346349588571,
    0.009379021458041209,
    0.007711361234004681,
    0.007758810918014019,
    0.007571060048081936,
    0.006446370119467759,
    0.006536445749971347,
    0.006128823819259803,
    0.005851334997285635,
    0.005441766791045665,
    0.005267920249547714,
    0.00478182330679817,
    0.0052176925520866346,
    0.00471194880322004,
    0.004191684799316602,
    0.004312332602552114,
    0.004253629934138212,
    0.004132496393643893,
    0.003721482932376556,
    0.0038183071984885593,
    0.003508828162478331,
    0.0038316442511784725,
    0.003578686014486429,
    0.0030260313684359573,
    0.003124975625616618,
    0.002902513799759058,
    0.0027550864558762464,
    0.002577775310820494,
    0.0026041334327787926,
    0.0024271549824147654,
    0.0025455812851970013,
    0.002464036968273994,
    0.0024415208981969417,
    0.002311219031421038,
    0.0024257391333006896,
    0.0022349860017689374,
    0.002224611524396982,
    0.0020270351845866593,
    0.0020349210725189785,
    0.0019402931348826641,
    0.0018951041385149344,
    0.0018082049340964893,
    0.001988303448813848,
    0.0018054342757050808,
    0.0019186961154143015,
    0.0019733642156307516,
    0.0017705892929090904,
    0.0019343698468918984,
    0.002021530965486398,
    0.0019801116285797877,
    0.0017968271763469928,
    0.0018680718345328784,
    0.0018698157981420175,
    0.0017592488023906183,
    0.0019099624708103827
  ],