{
  "best_acc": 44.83,
  "final_mean": 43.2,
  "test_acc_history": [
    9.34,
    14.18,
    17.72,
    19.64,
    23.27,
    24.99,
    28.42,
    30.99,
    31.49,
    32.35,
    34.56,
    35.89,
    37.1,
    37.5,
    38.61,
    40.23,
    40.66,
    41.39,
    42.09,
    42.38,
    43.19,
    42.3,
    42.7,
    43.67,
    43.16,
    43.52,
    43.88,
    44.31,
    44.08,
    44.83,
    43.93,
    43.77,
    43.62,
    43.41,
    44.0,
    42.75,
    43.52,
    43.0,
    43.47,
    42.96,
    42.64,
    42.61,
    42.69,
    42.34,
    42.66,
    42.96,
    42.0,
    42.13,
    41.52,
    42.48,
    42.24,
    42.62,
    42.77,
    41.77,
    42.33,
    41.85,
    42.31,
    42.33,
    41.79,
    42.17,
    42.56,
    42.6,
    42.43,
    42.2,
    42.08,
    41.69,
    42.95,
    42.08,
    42.22,
    42.14,
    42.18,
    42.85,
    42.4,
    42.58,
    42.55,
    42.07,
    41.9,
    42.0,
    42.17,
    41.65,
    42.07,
    41.76,
    42.16,
    41.77,
    41.98,
    42.35,
    41.88,
    42.16,
    41.94,
    41.86,
    41.41,
    41.88,
    42.01,
    42.12,
    41.79,
    42.19,
    42.46,
    42.72,
    41.59,
    41.98,
    41.64,
    42.06,
    41.6,
    41.78,
    42.61,
    41.9,
    42.17,
    42.55,
    41.7,
    42.48,
    42.68,
    42.48,
    42.11,
    42.57,
    42.08,
    42.2,
    42.45,
    41.99,
    42.71,
    41.87,
    42.44,
    42.24,
    42.22,
    42.49,
    42.2,
    42.27,
    41.84,
    42.08,
    42.28,
    42.5,
    42.31,
    41.92,
    42.45,
    42.45,
    42.73,
    42.68,
    42.72,
    42.3,
    42.49,
    42.97,
    42.33,
    42.87,
    42.78,
    42.94,
    42.34,
    42.96,
    42.47,
    42.77,
    42.96,
    43.0,
    43.12,
    42.91,
    43.1,
    42.95,
    42.96,
    42.91,
    42.98,
    43.03,
    42.97,
    43.08,
    43.28,
    42.88,
    43.25,
    42.97,
    43.14,
    43.22,
    43.28,
    43.35,
    43.33,
    43.31,
    43.48,
    43.44,
    43.45,
    43.75,
    43.58,
    43.61,
    43.52,
    43.19,
    43.26,
    43.31,
    43.46,
    43.51,
    43.41,
    43.36,
    43.28,
    43.29,
    43.37,
    43.33,
    43.25,
    43.24,
    43.05,
    43.2,
    43.11,
    43.16,
    43.11,
    43.16,
    43.21,
    43.21,
    43.23,
    43.19
  ],
  "train_loss_history": [
    4.20850335145608,
    3.831738882798415,
    3.582903326474703,
    3.36590165969653,
    3.185581135138487,
    3.0108446047856257,
    2.891440323071602,
    2.7737562876481276,
    2.681195888763819,
    2.5926067119989638,
    2.5025259274702805,
    2.421316962364392,
    2.3491360731613944,
    2.262067194474049,
    2.1938892126083376,
    2.127610427294022,
    2.052135802537967,
    1.993241684253399,
    1.9228230299093785,
    1.863688471989754,
    1.7962352703779172,
    1.7293871543346306,
    1.6655780981748531,
    1.5998014205541367,
    1.528731135221628,
    1.4703448845789984,
    1.4026312155601306,
    1.340906576009897,
    1.272534195582072,
    1.2101342766712873,
    1.14323339003783,
    1.0806251999659415,
    1.0184019779547666,
    0.9582937974196214,
    0.9040897473310813,
    0.8517433814513378,
    0.787945578342829,
    0.7452867630200508,
    0.7000263339433914,
    0.6582742801079383,
    0.6170256616213383,
    0.5771861048845145,
    0.5366423666477204,
    0.507206192994729,
    0.47630173961321515,
    0.4551324278880388,
    0.4250358080252623,
    0.4030189423989027,
    0.3815560774925428,
    0.3645055807553805,
    0.3444190965248988,
    0.33382963301279606,
    0.3194348876292889,
    0.30820107024449567,
    0.28758699886309796,
    0.2734075095409002,
    0.26669969107860175,
    0.26066561402418675,
    0.23677098009830866,
    0.23550603305682158,
    0.228524355781384,
    0.2208604992582248,
    0.20922316446518285,
    0.20695671893847295,
    0.20103503920328922,
    0.1873082826916988,
    0.1872088021574876,
    0.17640352421081984,
    0.16987800907630188,
    0.16629908971297436,
    0.15676040817529727,
    0.15487266939419966,
    0.14874967122689273,
    0.15110577314327925,
    0.14022882198676084,
    0.1333186005934691,
    0.13494806641187423,
    0.12890240339896616,
    0.12308891335358986,
    0.12135895773386345,
    0.11614150905456298,
    0.11337883722705719,
    0.1077060130926279,
    0.104129386616823,
    0.10416013743632879,
    0.10149339362978935,
    0.09457349670238983,
    0.0920368050917601,
    0.09170485093043401,
    0.08709669980483177,
    0.08433141962457925,
    0.08493365223209064,
    0.07883252556889485,
    0.07832041562367709,
    0.07577687177138451,
    0.07003494487741055,
    0.0695171371102333,
    0.0663137812836048,
    0.06377925519377757,
    0.06529016162340458,
    0.06011475432568636,
    0.05707195096482069,
    0.05635505467653275,
    0.054614909117420514,
    0.05392362020718746,
    0.052982439731176084,
    0.050403248719297924,
    0.0476943412843423,
    0.04462794314783353,
    0.0441924354300285,
    0.04186143460086523,
    0.040628197961128674,
    0.04182205830629055,
    0.0393095011703479,
    0.03880862371566204,
    0.035295054187568335,
    0.03489226988301827,
    0.03310421743931679,
    0.031243393890177593,
    0.031660555589657566,
    0.02828296151680824,
    0.026038507844966193,
    0.02630760635320957,
    0.025582881080798613,
    0.023539708805485414,
    0.022804942791565107,
    0.020464326909337287,
    0.020519125206061663,
    0.020632191869215322,
    0.020308729922637724,
    0.019464997027833494,
    0.016796500656085137,
    0.01584346142764657,
    0.01606956663517616,
    0.015702952771710278,
    0.014107238510862374,
    0.013528095696790097,
    0.01311476785594072,
    0.012659045330320414,
    0.012225394435704518,
    0.011079613563533012,
    0.011364864909018462,
    0.010318274707652819,
    0.009973383062065412,
    0.009285082078228394,
    0.00844953347904942,
    0.007828409537577477,
    0.00785591889363833,
    0.007537557757817782,
    0.006749959130031176,
    0.006080043862740963,
    0.006012326892083272,
    0.006327220393965642,
    0.005660235170179453,
    0.005192026144896562,
    0.005080740101253375,
    0.005120124722807071,
    0.004281106727341047,
    0.004883583742552078,
    0.0043133477178903725,
    0.003986183792734757,
    0.0039163124174452744,
    0.0037539141276516975,
    0.003637782856822014,
    0.003786764262864987,
    0.003431580155992355,
    0.0032879521306126546,
    0.0033532966047716446,
    0.002932541294453236,
    0.0028726525055483365,
    0.0029694311822263094,
    0.0030335721106101304,
    0.0028882531186517997,
    0.0025261101480095814,
    0.002348089449776289,
    0.002238710396564924,
    0.002071585171879866,
    0.002204471069555252,
    0.0019294718877436259,
    0.0022182490127399947,
    0.0021438712492967264,
    0.001948504178569867,
    0.0019351088704589086,
    0.0018892971416696524,
    0.001908369574886866,
    0.0017443142735805268,
    0.0017951301322915614,
    0.0018162447600983656,
    0.0017351191849089586,
    0.0017071028120624714,
    0.0016523828849387475,
    0.0017628938652192935,
    0.0017181010224307195,
    0.0016713432418421293,
    0.00153841980231496,
    0.0016722725155070806,
    0.0016600785968013299,
    0.0016600235508611569,
    0.0017423708660480304,
    0.0015966030076528207
  ],