{
  "best_acc": 43.57,
  "final_mean": 42.866,
  "test_acc_history": [
    9.71,
    13.47,
    16.81,
    20.35,
    23.06,
    25.54,
    28.06,
    29.87,
    32.3,
    32.82,
    34.52,
    35.52,
    35.89,
    36.42,
    38.52,
    37.93,
    39.76,
    40.29,
    40.94,
    41.24,
    41.58,
    42.18,
    42.81,
    42.07,
    42.71,
    42.76,
    42.97,
    42.55,
    43.36,
    42.84,
    43.2,
    43.57,
    43.1,
    42.4,
    43.04,
    43.15,
    42.43,
    42.27,
    42.51,
    42.72,
    42.27,
    41.85,
    41.72,
    41.68,
    42.31,
    42.19,
    42.11,
    42.1,
    41.27,
    41.83,
    42.11,
    40.63,
    41.84,
    41.72,
    40.8,
    41.61,
    40.92,
    41.41,
    41.35,
    40.83,
    41.15,
    41.7,
    41.26,
    41.22,
    40.67,
    40.88,
    40.92,
    41.76,
    41.15,
    40.94,
    41.36,
    41.25,
    41.3,
    41.32,
    41.26,
    40.78,
    41.44,
    40.98,
    41.09,
    41.18,
    41.03,
    40.97,
    40.98,
    41.71,
    41.58,
    41.27,
    41.05,
    41.32,
    41.04,
    41.18,
    41.29,
    41.36,
    40.98,
    42.02,
    41.57,
    41.03,
    40.56,
    40.99,
    41.19,
    40.97,
    41.52,
    41.5,
    41.24,
    41.32,
    41.51,
    41.43,
    41.26,
    41.73,
    41.22,
    41.93,
    41.83,
    41.48,
    41.24,
    41.72,
    41.56,
    41.37,
    41.46,
    41.75,
    41.25,
    41.53,
    41.78,
    41.61,
    41.86,
    41.31,
    41.55,
    41.68,
    41.46,
    41.91,
    41.11,
    41.63,
    41.8,
    41.89,
    41.57,
    41.78,
    41.55,
    41.6,
    41.77,
    42.07,
    41.37,
    41.47,
    41.87,
    42.04,
    41.78,
    42.05,
    42.01,
    42.37,
    42.37,
    41.97,
    42.23,
    42.27,
    42.32,
    42.35,
    42.19,
    42.38,
    42.24,
    42.27,
    42.25,
    42.41,
    42.38,
    42.35,
    42.25,
    42.62,
    42.44,
    42.63,
    42.59,
    42.6,
    42.42,
    42.57,
    42.86,
    42.54,
    42.68,
    42.7,
    42.86,
    42.74,
    42.81,
    42.49,
    42.76,
    42.52,
    42.62,
    42.74,
    42.58,
    42.89,
    42.92,
    42.69,
    42.71,
    42.77,
    42.86,
    42.73,
    42.88,
    42.84,
    42.87,
    42.86,
    42.86,
    42.85,
    42.88,
    42.86,
    42.85,
    42.88,
    42.87,
    42.87
  ],
  "train_loss_history": [
    4.188571176773462,
    3.81799259185791,
    3.5753581682840982,
    3.3705471258897046,
    3.1883829740377574,
    3.0361890707260524,
    2.909417208647117,
    2.800875877722716,
    2.7076672174991705,
    2.623478197440123,
    2.541568582485884,
    2.4662749363825873,
    2.3918396680783003,
    2.31627481289399,
    2.242288673841036,
    2.1898408168401473,
    2.126625935236613,
    2.06018869021,
    1.9947623980350984,
    1.9291965038348466,
    1.8629190371586726,
    1.8033455940393301,
    1.7440544110078078,
    1.6696575770011315,
    1.6041043654466287,
    1.5333143466558212,
    1.4601864985930615,
    1.3975666431280283,
    1.3396555601022182,
    1.2677205238586817,
    1.2012566230235955,
    1.1424477782004918,
    1.0787515643315437,
    1.021869001021752,
    0.9552442180804718,
    0.8996339651254507,
    0.8493194567851531,
    0.7879687018883534,
    0.7432081702427986,
    0.7015267277375246,
    0.6469599940837958,
    0.6220852804489625,
    0.5831112160132481,
    0.5386147810862615,
    0.5059381885406299,
    0.4812887045053335,
    0.453245271780552,
    0.4327509527023022,
    0.40593549884282626,
    0.3940915136765211,
    0.3741493821144104,
    0.35282149803944124,
    0.3397157934995798,
    0.3193966107490735,
    0.3037284111365294,
    0.29216589201719334,
    0.276078108105904,
    0.269967099183645,
    0.2562885907980112,
    0.2454329870450191,
    0.2437719220534349,
    0.23731075540567056,
    0.22166277980193114,
    0.21314941067726184,
    0.20902788711664005,
    0.197341044094318,
    0.18782279980488312,
    0.1847443183263143,
    0.1771769262659244,
    0.17122018482440557,
    0.16812534993275619,
    0.16291122203453992,
    0.15548321726994638,
    0.15117336901334616,
    0.14522347901111993,
    0.14292632788419724,
    0.13744208984650097,
    0.13379951073573185,
    0.12897047490263597,
    0.123017823887177,
    0.11887348634310257,
    0.11641861966405159,
    0.1125938040896868,
    0.1117458442846934,
    0.10987917708280759,
    0.10424592099510706,
    0.10064895821687503,
    0.09326411709189415,
    0.09110185072208062,
    0.09124259192209977,
    0.09132992558372327,
    0.08399902878281398,
    0.08689050110868919,
    0.08371301896105975,
    0.07829776731057045,
    0.07367439910005301,
    0.07356112329050517,
    0.07074711078252548,
    0.06722606193178739,
    0.06824144553870727,
    0.0626315952780155,
    0.06218444777604861,
    0.058158200301038916,
    0.0542887847392987,
    0.05750900811682909,
    0.05165144420013978,
    0.05113769760116553,
    0.05080620912978282,
    0.04892981256812047,
    0.045061973682962934,
    0.043762272348006566,
    0.044075734817828886,
    0.04252982541250113,
    0.039636336056849894,
    0.03919251618477015,
    0.03478312728783259,
    0.035093993258972965,
    0.03489463460655549,
    0.032885942722742374,
    0.030837923942659145,
    0.03273719685773055,
    0.028532427377425708,
    0.028642685420047016,
    0.027759806353312273,
    0.026834495346515608,
    0.023534316080025375,
    0.021569211480136102,
    0.021185248751097764,
    0.019385351398243354,
    0.02067556561042483,
    0.019524716932135516,
    0.01817100179166748,
    0.018114025386957788,
    0.01811945653305604,
    0.016635927034971805,
    0.014926761441314832,
    0.015064624095192323,
    0.01392115438834597,
    0.013268119887186167,
    0.012865574065691386,
    0.010763675370850625,
    0.011016589582252961,
    0.010569767233652947,
    0.009208274241059255,
    0.009816317709210591,
    0.008529577631121263,
    0.008156323671723023,
    0.00863101558568768,
    0.00716659350034136,
    0.007155352675666412,
    0.006301589876126785,
    0.006475153990471974,
    0.006856578524009539,
    0.006255474218573326,
    0.005496764651093728,
    0.005025165874319963,
    0.005387698283466773,
    0.005076417477371601,
    0.004337559843388124,
    0.004084024583108914,
    0.0041130861410727864,
    0.004105748730496718,
    0.0039027791661329757,
    0.0034932824090505256,
    0.003176002639035384,
    0.0028815304478391622,
    0.003329535084179579,
    0.0030679567549855282,
    0.002901367952999396,
    0.002595376220937723,
    0.0025331952680762,
    0.0024852253830967806,
    0.002117670255784805,
    0.0022618205167162114,
    0.002123565976627362,
    0.00200130521104886,
    0.002315248420032171,
    0.002014742968365168,
    0.0019094055112546834,
    0.001814305531577422,
    0.0018005081022588107,
    0.0019109884563546914,
    0.001685351197822736,
    0.0017079443885729864,
    0.0016353987515545809,
    0.0016103853232776507,
    0.0017782440886665613,
    0.0014563636591610235,
    0.0014923233419465714,
    0.001386770376792321,
    0.0015635616719149627,
    0.001336809849509826,
    0.0014306452746192615,
    0.001360460738532054,
    0.00130875673956978,
    0.0013570877651755625,
    0.001302253951629003,
    0.0013334098486946179,
    0.0012955560898169492,
    0.001285052495316053
  ],