{
  "best_acc": 43.9,
  "final_mean": 42.89399999999999,
  "test_acc_history": [
    8.98,
    13.16,
    16.94,
    19.92,
    22.79,
    25.19,
    27.96,
    29.65,
    31.58,
    33.03,
    33.12,
    35.06,
    36.03,
    37.33,
    37.33,
    38.95,
    39.13,
    39.93,
    41.24,
    41.51,
    42.28,
    42.72,
    42.53,
    42.71,
    43.34,
    42.88,
    42.83,
    43.29,
    43.13,
    43.9,
    43.4,
    43.59,
    43.51,
    42.93,
    43.16,
    43.48,
    42.64,
    41.98,
    42.14,
    43.24,
    42.42,
    42.16,
    41.68,
    42.5,
    42.0,
    41.84,
    42.09,
    41.82,
    41.43,
    42.06,
    40.96,
    42.15,
    41.91,
    41.13,
    41.67,
    41.55,
    41.4,
    41.81,
    41.08,
    41.44,
    40.88,
    41.74,
    41.79,
    40.91,
    41.02,
    41.33,
    41.49,
    40.92,
    41.4,
    41.28,
    41.12,
    41.4,
    40.38,
    41.8,
    41.3,
    41.58,
    40.53,
    40.94,
    41.42,
    41.53,
    41.16,
    41.58,
    41.38,
    41.26,
    41.21,
    40.28,
    41.54,
    41.58,
    41.21,
    41.52,
    40.92,
    41.41,
    41.44,
    41.2,
    41.72,
    41.47,
    41.26,
    41.45,
    41.35,
    41.26,
    40.83,
    41.87,
    41.31,
    42.06,
    41.56,
    41.31,
    41.15,
    41.82,
    41.09,
    41.84,
    42.06,
    41.98,
    41.53,
    41.78,
    42.04,
    41.63,
    41.65,
    41.65,
    41.4,
    41.74,
    41.29,
    41.71,
    41.96,
    41.91,
    41.8,
    41.63,
    42.09,
    41.89,
    42.04,
    41.73,
    41.16,
    41.64,
    41.82,
    41.96,
    41.88,
    41.81,
    42.5,
    42.29,
    42.41,
    41.67,
    42.12,
    42.72,
    42.31,
    42.34,
    42.44,
    42.19,
    42.28,
    42.29,
    42.22,
    42.53,
    42.3,
    42.27,
    42.03,
    42.16,
    42.45,
    42.74,
    42.66,
    42.56,
    42.76,
    42.78,
    42.71,
    42.3,
    42.29,
    42.49,
    42.62,
    42.64,
    42.4,
    42.69,
    42.46,
    42.48,
    42.82,
    42.65,
    42.59,
    43.1,
    42.59,
    42.74,
    42.74,
    42.65,
    42.79,
    42.76,
    42.92,
    42.89,
    42.74,
    42.81,
    42.88,
    42.8,
    42.79,
    42.91,
    42.84,
    42.92,
    43.08,
    42.94,
    42.96,
    42.98,
    42.95,
    42.88,
    42.91,
    42.9,
    42.89,
    42.89
  ],
  "train_loss_history": [
    4.2266326513045875,
    3.840434333605644,
    3.5779066574879184,
    3.3739473648560354,
    3.1905995870247867,
    3.0335196959666715,
    2.9047986250657303,
    2.790680939111954,
    2.7032715406173313,
    2.6178799445812517,
    2.532592174334404,
    2.459121661308484,
    2.3828879613142746,
    2.3124730904897053,
    2.242361333431342,
    2.1678620430139395,
    2.107052651429788,
    2.036213279993106,
    1.9700114635320811,
    1.902685757783743,
    1.838570351478381,
    1.7691596361306998,
    1.7001673117662088,
    1.642176482004997,
    1.5759351363548866,
    1.505155989451286,
    1.447928500175476,
    1.3817433956341865,
    1.3090872660661355,
    1.246922319363325,
    1.1747358141801296,
    1.12299166734402,
    1.0465516747572483,
    0.9920238482646453,
    0.9312304346989363,
    0.8760450616861001,
    0.825814476991311,
    0.7705639319542127,
    0.7384542235961327,
    0.6911604740680792,
    0.6444428317057781,
    0.6080739152737152,
    0.567725573747586,
    0.5300796655508188,
    0.5035682902886317,
    0.48112925581443006,
    0.45218479877863177,
    0.4325648286403754,
    0.4063975546604548,
    0.38380621732809606,
    0.3661708768361654,
    0.35426608973588697,
    0.33540809567158036,
    0.32334698476852514,
    0.30536499306177484,
    0.2974594233891903,
    0.27851561407248177,
    0.2738946495147852,
    0.2631427684655556,
    0.2512605314835524,
    0.2407466144897999,
    0.23255180288583804,
    0.22292335759370754,
    0.21452217216675099,
    0.2060769246938901,
    0.1997357270656488,
    0.1938383530347775,
    0.1870629691160642,
    0.1824094350903462,
    0.17611817507407604,
    0.17327661097813876,
    0.16308810634490772,
    0.16214870558335231,
    0.15719399127440575,
    0.1494939861007226,
    0.14363883298176985,
    0.14076309620569913,
    0.13636621305575738,
    0.1325985122567568,
    0.1305154826778632,
    0.12242929408183464,
    0.1206814261392141,
    0.1173791446746924,
    0.10991497597633264,
    0.10942729507119228,
    0.11006835395326982,
    0.10443924743777666,
    0.09939712299368321,
    0.09403442616264025,
    0.09179863734887196,
    0.09117924015109356,
    0.08780154816997357,
    0.08465633615851402,
    0.08472475157334254,
    0.08016341695418724,
    0.077688368027791,
    0.07417852288255325,
    0.073056783584448,
    0.06640867015872247,
    0.06966428103355261,
    0.06400137641108954,
    0.06356891342080556,
    0.06059648137635146,
    0.05905042860943537,
    0.05700911449698302,
    0.054740883935338415,
    0.05399331752306376,
    0.04999451111906614,
    0.0495124808488748,
    0.051324479453838785,
    0.04514218776080853,
    0.045509024833639465,
    0.04309039603059108,
    0.041620235689557514,
    0.03978485773580197,
    0.03806326569368442,
    0.03572335299582054,
    0.036940666326345545,
    0.03402547352971175,
    0.031939402127113097,
    0.03144939234241461,
    0.0306443235072761,
    0.031176678463816644,
    0.028293986551654646,
    0.026945367670403078,
    0.024521929524743403,
    0.023627229696378493,
    0.02343363006097766,
    0.022250720915886073,
    0.02108270192088989,
    0.019343847836343905,
    0.019563848057236426,
    0.016968826928104346,
    0.01619098773703743,
    0.015962544582688656,
    0.01627123594427338,
    0.015646234491410164,
    0.014042488533334854,
    0.013521259168210701,
    0.01225698790154778,
    0.012877160403877496,
    0.012284398255630945,
    0.010429698627633162,
    0.010547799227807002,
    0.009181842542229554,
    0.009326525894590678,
    0.008617117680991307,
    0.008407267505446306,
    0.007897860067299544,
    0.006730414781337365,
    0.006793062742321919,
    0.006999889737329422,
    0.006703338831758652,
    0.006650808007002641,
    0.005758959761796853,
    0.005094801290677144,
    0.005589653537250482,
    0.004683783497565832,
    0.0049730494403495236,
    0.004673931611558566,
    0.004693980204562346,
    0.003813236884963818,
    0.003927390093509203,
    0.0035420227509278517,
    0.003564351221594291,
    0.0034517326010152314,
    0.0030621667368671834,
    0.0031843301219244796,
    0.003263129112430108,
    0.0032704111714011584,
    0.002789713093676628,
    0.0029015681181007473,
    0.00270448894932484,
    0.0024512335132711974,
    0.0024853454138606024,
    0.002573887850993719,
    0.002208689344712557,
    0.002265490216608995,
    0.0022806323658770477,
    0.0024457711678666947,
    0.0021851109627347726,
    0.0019273809443872709,
    0.0019617787442910367,
    0.0019495071174624639,
    0.0019058320695200027,
    0.0020307651983621795,
    0.0019329912435167875,
    0.0021056461386764662,
    0.0018391716222350414,
    0.0018808068206103948,
    0.0019460615845253834,
    0.001871362603150117,
    0.0016928314494016844,
    0.00183263302852328,
    0.0018045561220974495,
    0.0017836683835738745,
    0.001751258176488754,
    0.0016717636480163304,
    0.0017211161410579314,
    0.0016368968794361139
  ],