{
  "best_acc": 48.02,
  "final_mean": 47.336000000000006,
  "test_acc_history": [
    7.54,
    9.97,
    11.35,
    14.33,
    15.67,
    18.84,
    20.46,
    22.85,
    23.06,
    23.81,
    25.22,
    27.56,
    27.97,
    29.34,
    29.32,
    30.9,
    31.12,
    32.32,
    33.67,
    33.78,
    33.67,
    34.12,
    34.42,
    36.03,
    37.17,
    36.79,
    38.33,
    38.07,
    37.6,
    39.12,
    39.72,
    40.1,
    40.5,
    39.82,
    41.71,
    41.57,
    41.81,
    41.99,
    42.44,
    41.7,
    43.14,
    43.33,
    43.33,
    43.64,
    43.28,
    43.56,
    43.59,
    43.81,
    44.36,
    44.45,
    44.23,
    44.93,
    45.61,
    45.83,
    45.99,
    45.73,
    45.41,
    46.3,
    45.95,
    46.35,
    45.69,
    46.08,
    47.04,
    46.0,
    46.86,
    46.51,
    46.64,
    46.51,
    46.72,
    46.95,
    46.81,
    46.94,
    46.85,
    47.49,
    47.45,
    47.37,
    47.72,
    46.73,
    47.14,
    47.04,
    47.96,
    47.61,
    47.23,
    47.8,
    47.26,
    47.6,
    47.72,
    47.62,
    47.86,
    47.81,
    47.89,
    47.95,
    47.17,
    47.89,
    47.68,
    47.7,
    48.02,
    47.46,
    47.53,
    47.5,
    47.4,
    47.84,
    47.91,
    47.28,
    47.64,
    47.97,
    48.0,
    47.45,
    47.82,
    47.6,
    47.12,
    47.75,
    47.69,
    48.0,
    47.46,
    47.42,
    47.69,
    47.53,
    47.36,
    47.79,
    47.73,
    47.47,
    47.26,
    47.23,
    47.45,
    47.47,
    47.24,
    47.01,
    47.77,
    47.61,
    47.16,
    47.29,
    47.28,
    47.28,
    47.63,
    47.56,
    47.49,
    47.35,
    47.66,
    46.92,
    47.15,
    46.64,
    47.38,
    47.04,
    47.35,
    46.86,
    47.23,
    47.06,
    47.21,
    47.17,
    47.2,
    46.97,
    47.12,
    47.08,
    46.7,
    47.44,
    47.1,
    46.89,
    47.1,
    47.28,
    47.49,
    47.02,
    47.01,
    47.19,
    47.08,
    47.02,
    46.98,
    46.92,
    47.19,
    47.4,
    47.26,
    47.17,
    47.35,
    47.39,
    47.34,
    47.23,
    47.07,
    47.05,
    47.47,
    47.47,
    47.4,
    47.45,
    47.46,
    47.33,
    47.3,
    47.26,
    47.21,
    47.35,
    47.37,
    47.39,
    47.42,
    47.39,
    47.31,
    47.43,
    47.29,
    47.34,
    47.31,
    47.33,
    47.36,
    47.34
  ],
  "train_loss_history": [
    4.316722772060296,
    4.057505876590044,
    3.9063354443281124,
    3.7771978133764024,
    3.6361766264988824,
    3.4877196764334655,
    3.3680148454812855,
    3.266876751337296,
    3.1759167646750424,
    3.101320753342066,
    3.031128258582873,
    2.9663198752280993,
    2.912969716389974,
    2.860174627793141,
    2.8144483126126802,
    2.7652218977610272,
    2.7199313775087015,
    2.6806189255836683,
    2.6383150907663198,
    2.5997299145429564,
    2.564467033973107,
    2.526628315754426,
    2.493813200486012,
    2.4586429143563295,
    2.4270332165253468,
    2.3984951801789114,
    2.3710261626121327,
    2.3325990517934163,
    2.31004281777602,
    2.289216651671972,
    2.2580889200552914,
    2.2320271076300204,
    2.212119564643273,
    2.1755521627572865,
    2.1587393393883336,
    2.1335655787052255,
    2.114438964159061,
    2.0918527713188757,
    2.06247144417885,
    2.0407644962653135,
    2.0149586757024127,
    1.9956274252671462,
    1.9841722011566163,
    1.9564409280434634,
    1.9340313783058753,
    1.924426222458864,
    1.9040209501217573,
    1.8846997157121317,
    1.8583159275543994,
    1.8326267688702313,
    1.8179801635253123,
    1.7981439064710567,
    1.7835740407307943,
    1.7626359273225833,
    1.7476178474915334,
    1.7242693289732323,
    1.704763386799739,
    1.691792077284593,
    1.6774380622765956,
    1.652831559914809,
    1.6391420388833071,
    1.6264263654366518,
    1.5997474456444765,
    1.5917700522985214,
    1.571901127619621,
    1.552949630908477,
    1.5381154586107304,
    1.5126238474479088,
    1.5040543892444709,
    1.482840890150804,
    1.4735316337683262,
    1.4562350040827041,
    1.4355166209049715,
    1.4209769138923058,
    1.4095584276394966,
    1.3936707875667473,
    1.3799268276263505,
    1.3575939025634374,
    1.3498477465067154,
    1.3315981082427195,
    1.3204872369766236,
    1.2995754627081064,
    1.2817910304436317,
    1.269007609746395,
    1.260260701790834,
    1.240907534574851,
    1.2347247307117168,
    1.2102050121013934,
    1.2045302158746964,
    1.180159713060428,
    1.1735935602432643,
    1.1499033108735697,
    1.1372572663502816,
    1.129781545431186,
    1.1109142272900312,
    1.095356368407225,
    1.0781703796142186,
    1.0760235768098099,
    1.0598811308542888,
    1.0482610931763283,
    1.033158945120298,
    1.015557029002752,
    1.0069863337736864,
    0.9942341984846653,
    0.9788570874776595,
    0.9714298728184823,
    0.9552026620277991,
    0.9408345280549465,
    0.9383766415791633,
    0.9246002646592947,
    0.9057762023730156,
    0.8971504911398276,
    0.8865886501776866,
    0.8767271913014926,
    0.8583522793574211,
    0.851694363508469,
    0.8410512141692332,
    0.8348522015106984,
    0.8208389337246235,
    0.8116014881011767,
    0.7963333029013414,
    0.790387378900479,
    0.7777343419881967,
    0.7669725430317414,
    0.7585926043681609,
    0.7522655496230493,
    0.7365525422952114,
    0.7263624402192923,
    0.7217571402207399,
    0.7081382901240618,
    0.6971862542323577,
    0.690093783231882,
    0.6788644952651782,
    0.6752467348025395,
    0.6658480644226075,
    0.6586655894915263,
    0.6483141925090399,
    0.6381249692195501,
    0.6366946596365709,
    0.6246327007428194,
    0.6172477957529899,
    0.611859655380249,
    0.6016391598261319,
    0.5937874220884763,
    0.5911890761974531,
    0.5837240582857377,
    0.5797546250697894,
    0.5742387319222475,
    0.559847856637759,
    0.5588186114262312,
    0.5519090299422924,
    0.5452746340861687,
    0.5448847359571701,
    0.5358339245502766,
    0.5334549306294857,
    0.5289311112501682,
    0.5222567909803146,
    0.5147572382902488,
    0.5096931867110424,
    0.5024380905505939,
    0.4969847868650388,
    0.49942651375746117,
    0.49188930652080437,
    0.4862745376733633,
    0.4840009055076501,
    0.4797618974477817,
    0.4770641904610854,
    0.47605749032436273,
    0.46781307214345685,
    0.4653761768952394,
    0.46356657040424837,
    0.45898976387121737,
    0.45463805565467247,
    0.45556418972137647,
    0.4519324733660771,
    0.4516103975283794,
    0.4446445608750368,
    0.4449107750868186,
    0.439151068069996,
    0.4394837776819865,
    0.4380072541725941,
    0.43667363065939685,
    0.43400245645107366,
    0.4330377569565406,
    0.4320180622430948,
    0.43434193623371614,
    0.4252823614157163,
    0.427879788631048,
    0.4279350655201154,
    0.4265512380844507,
    0.4260527450304765,
    0.4254470528700413,
    0.4243359986024025,
    0.4247381317309844,
    0.42338294906493945,
    0.4236807318834158,
    0.42579659330539216,
    0.42489607150738057,
    0.42295607389547885,
    0.42351938486099244
  ],