{
  "best_acc": 47.86,
  "final_mean": 47.30200000000001,
  "test_acc_history": [
    7.31,
    10.29,
    12.25,
    14.33,
    16.47,
    18.75,
    20.24,
    21.57,
    23.57,
    25.03,
    25.67,
    26.93,
    28.17,
    29.29,
    30.31,
    29.76,
    30.29,
    32.47,
    32.18,
    34.19,
    35.43,
    34.44,
    35.19,
    35.8,
    36.76,
    36.7,
    36.77,
    37.62,
    38.19,
    38.88,
    39.33,
    39.99,
    40.93,
    40.75,
    40.69,
    41.14,
    41.88,
    42.14,
    42.51,
    43.01,
    42.35,
    42.85,
    42.19,
    43.63,
    44.01,
    43.08,
    43.88,
    43.41,
    44.3,
    44.97,
    44.9,
    44.76,
    44.62,
    45.69,
    45.55,
    45.63,
    45.71,
    45.44,
    45.95,
    45.81,
    46.36,
    45.92,
    46.54,
    46.44,
    46.86,
    46.47,
    46.78,
    46.96,
    46.94,
    47.05,
    47.41,
    47.09,
    47.41,
    47.34,
    46.99,
    46.63,
    47.09,
    46.93,
    47.3,
    47.1,
    47.76,
    46.68,
    47.03,
    46.86,
    47.54,
    47.33,
    47.17,
    47.86,
    47.04,
    47.56,
    47.35,
    47.51,
    47.54,
    47.18,
    47.78,
    47.05,
    47.15,
    47.26,
    47.59,
    47.21,
    47.7,
    47.42,
    47.84,
    47.0,
    47.48,
    47.39,
    47.38,
    47.35,
    47.26,
    47.17,
    47.37,
    47.48,
    47.09,
    47.33,
    47.79,
    47.41,
    46.68,
    47.29,
    46.96,
    46.77,
    47.27,
    47.47,
    46.99,
    47.39,
    47.42,
    47.2,
    47.09,
    47.44,
    46.96,
    47.41,
    47.35,
    47.5,
    47.46,
    47.29,
    46.99,
    47.66,
    47.47,
    47.29,
    47.07,
    47.08,
    46.91,
    47.39,
    47.36,
    47.33,
    47.47,
    47.22,
    47.11,
    47.21,
    47.45,
    47.13,
    47.28,
    47.19,
    47.37,
    47.38,
    47.23,
    47.5,
    47.6,
    47.21,
    47.06,
    47.07,
    47.19,
    47.09,
    47.03,
    47.12,
    47.29,
    47.11,
    47.1,
    47.5,
    47.32,
    47.15,
    47.46,
    47.31,
    47.34,
    47.37,
    47.47,
    47.33,
    47.55,
    47.36,
    47.13,
    47.3,
    47.38,
    47.21,
    47.22,
    47.34,
    47.18,
    47.24,
    47.18,
    47.42,
    47.34,
    47.28,
    47.2,
    47.22,
    47.24,
    47.28,
    47.25,
    47.29,
    47.34,
    47.31,
    47.3,
    47.27
  ],
  "train_loss_history": [
    4.324285634358724,
    4.064004135131836,
    3.9088973754491563,
    3.766785823381864,
    3.625815159235245,
    3.479239787810888,
    3.364182961292756,
    3.2653650516118757,
    3.1843875689384267,
    3.1091655816787327,
    3.0382403471531014,
    2.977627892371936,
    2.920348882675171,
    2.872488938845121,
    2.8191372932531893,
    2.7700211243751722,
    2.729846907884647,
    2.685045573650262,
    2.637946438178038,
    2.5996833617870623,
    2.573619140722813,
    2.5301097820966674,
    2.4971711660042786,
    2.459846052756676,
    2.4365018526713054,
    2.4042866560129017,
    2.3714682933611746,
    2.3440702034876897,
    2.318785925400563,
    2.2898845134637296,
    2.2662423671820227,
    2.238201695222121,
    2.2125653486985426,
    2.1899054441696557,
    2.166681543374673,
    2.133705399586604,
    2.114887752288427,
    2.0921670956489367,
    2.073192051740793,
    2.048745286770356,
    2.030190280156258,
    2.0031966264431293,
    1.985664387849661,
    1.9636948451017722,
    1.941864372522403,
    1.9241243282953897,
    1.9009342535948142,
    1.890550905618912,
    1.868974023598891,
    1.841818258089897,
    1.833767379858555,
    1.806060852148594,
    1.7903965405928783,
    1.7682350873947144,
    1.7515851228665082,
    1.7341302822797726,
    1.714155884889456,
    1.694614482537294,
    1.6788677759659596,
    1.6567471204659878,
    1.64733446928171,
    1.6257857713943873,
    1.609344997161474,
    1.596566820755983,
    1.5839941318218524,
    1.5672862872099265,
    1.545722622749133,
    1.529486896441533,
    1.5105663910890237,
    1.496359877097301,
    1.4769790380429,
    1.4656633951725104,
    1.4578522859475551,
    1.4301780266639514,
    1.414948679239322,
    1.4034754753112793,
    1.3870341906180748,
    1.3765008412874662,
    1.3507298163878612,
    1.339106370241214,
    1.3287822980147141,
    1.3103214496221298,
    1.293445009451646,
    1.2781629782456618,
    1.2726476522592398,
    1.2494017876111545,
    1.2412289332120847,
    1.2235058053945884,
    1.211831612770374,
    1.193434895001925,
    1.1761739189808185,
    1.1722313994016402,
    1.149547612361419,
    1.1376441637674968,
    1.1297381939032138,
    1.1115912015621479,
    1.0949484736491473,
    1.0797648069186088,
    1.072723777171893,
    1.0625111417892652,
    1.0535605121881535,
    1.0382632918846912,
    1.0226511227778898,
    1.0095320243101853,
    0.9957895942223378,
    0.9805487715280973,
    0.9732703019411136,
    0.9627090056737264,
    0.9543167581925025,
    0.9356066630436823,
    0.9222779970902663,
    0.9154693679931837,
    0.899255006129925,
    0.8916077583264082,
    0.875323890722715,
    0.8635550722097739,
    0.8573508745584733,
    0.846381829946469,
    0.839561525063637,
    0.8277724883495233,
    0.8113283894000909,
    0.8057021358074286,
    0.7958113068189376,
    0.7879405547411014,
    0.7765266011922788,
    0.7658419606013176,
    0.7575959954506312,
    0.7494031007473285,
    0.7324983294193561,
    0.7269889771938324,
    0.7257010004459283,
    0.7056847456174019,
    0.7016549868461414,
    0.6928176665917422,
    0.6840948982116504,
    0.6772091407042283,
    0.6697668558511979,
    0.6602347134015499,
    0.6525590895078122,
    0.6427099376152723,
    0.640531384333586,
    0.6283963174392015,
    0.6227848418248005,
    0.6114325081690763,
    0.6100669411512522,
    0.5991871534249722,
    0.5965433663282639,
    0.5905795132502532,
    0.5801853254819528,
    0.5742475098524338,
    0.5692098693969923,
    0.5686264800719726,
    0.5596906341039217,
    0.5495376042830639,
    0.550195395335173,
    0.5410883963108063,
    0.5325684426686703,
    0.5336928812357096,
    0.5330381492773691,
    0.5224512439507705,
    0.5219240717398814,
    0.5129580572629586,
    0.508391726628328,
    0.5077497379902082,
    0.5058825858128376,
    0.4969643111412342,
    0.495119547079771,
    0.4916294869704124,
    0.49000075688728917,
    0.48468948434560727,
    0.48202293927852924,
    0.48025493285594845,
    0.4743033265456175,
    0.47248084132487955,
    0.47027805799093003,
    0.46686139473548305,
    0.4691426559900626,
    0.4647271044743367,
    0.46159812059157934,
    0.4596212017230498,
    0.4581492732732724,
    0.4610713057028942,
    0.45393595481530213,
    0.45180483399293364,
    0.4527122065042838,
    0.4456394918453999,
    0.4499062050611545,
    0.44675287696031424,
    0.4418316092246618,
    0.4513440526448763,
    0.4465517389468658,
    0.44423994437242165,
    0.4435983491249574,
    0.4438165417084327,
    0.4419519751499861,
    0.4442323927695935,
    0.44089425038068725,
    0.4445125613457117,
    0.4415976631335723,
    0.44120767682026596
  ],