{
  "best_acc": 48.06,
  "final_mean": 47.08,
  "test_acc_history": [
    7.53,
    9.97,
    11.34,
    14.3,
    15.67,
    18.85,
    20.45,
    22.88,
    23.11,
    24.23,
    25.21,
    27.48,
    28.13,
    29.31,
    30.01,
    30.85,
    31.16,
    32.28,
    33.18,
    34.07,
    34.06,
    33.92,
    34.86,
    35.81,
    36.9,
    36.86,
    38.04,
    38.17,
    37.72,
    39.02,
    39.64,
    40.41,
    40.83,
    40.12,
    41.76,
    41.57,
    41.8,
    41.93,
    42.53,
    41.6,
    42.91,
    43.3,
    43.37,
    43.85,
    43.44,
    43.5,
    43.57,
    43.66,
    44.61,
    44.44,
    44.22,
    45.05,
    45.59,
    45.74,
    45.8,
    45.71,
    45.56,
    46.34,
    45.83,
    45.87,
    45.55,
    46.06,
    47.17,
    46.39,
    46.61,
    46.25,
    46.64,
    46.37,
    46.76,
    46.82,
    46.94,
    46.68,
    46.98,
    47.65,
    47.59,
    47.26,
    47.66,
    46.63,
    47.26,
    47.07,
    47.73,
    47.77,
    47.35,
    47.06,
    47.25,
    47.41,
    47.48,
    47.64,
    47.84,
    47.92,
    47.88,
    48.06,
    47.45,
    47.87,
    47.62,
    47.77,
    47.92,
    47.87,
    47.83,
    47.43,
    47.14,
    47.67,
    47.58,
    47.47,
    47.32,
    47.68,
    47.67,
    47.89,
    47.78,
    48.02,
    47.01,
    47.59,
    47.65,
    47.43,
    47.52,
    47.42,
    47.44,
    47.78,
    47.61,
    47.7,
    47.43,
    47.32,
    47.54,
    47.24,
    47.48,
    47.36,
    47.22,
    46.86,
    47.6,
    47.8,
    46.9,
    47.39,
    47.02,
    47.12,
    47.25,
    47.42,
    47.05,
    47.17,
    47.39,
    47.08,
    46.81,
    46.68,
    47.09,
    46.82,
    47.46,
    46.57,
    47.2,
    46.74,
    46.98,
    47.17,
    47.07,
    47.15,
    46.9,
    47.08,
    46.64,
    47.24,
    47.18,
    46.74,
    46.75,
    46.76,
    47.27,
    46.72,
    47.02,
    47.14,
    46.81,
    46.99,
    47.16,
    47.04,
    47.0,
    47.05,
    47.43,
    47.09,
    47.24,
    47.09,
    47.37,
    47.15,
    46.86,
    47.23,
    47.07,
    47.03,
    47.21,
    47.2,
    46.92,
    46.82,
    47.08,
    46.91,
    46.79,
    47.08,
    47.13,
    47.13,
    47.04,
    47.12,
    47.0,
    47.15,
    47.09,
    47.11,
    47.07,
    47.07,
    47.07,
    47.08
  ],
  "train_loss_history": [
    4.316683959960938,
    4.057497161473983,
    3.9063549970969174,
    3.7772601592235078,
    3.63623630572588,
    3.4876051474840213,
    3.367933503175393,
    3.267193124233148,
    3.175907812363062,
    3.102777025027153,
    3.029845109352699,
    2.96854924422044,
    2.9123139295822535,
    2.8608540119268957,
    2.814798439466036,
    2.765435309287829,
    2.72212951366718,
    2.6826128812936636,
    2.6387277407523912,
    2.6018802007039388,
    2.565089116952358,
    2.526608178554437,
    2.493871760979677,
    2.457687678703895,
    2.4264538838313174,
    2.3971644963973606,
    2.3697540539961595,
    2.3343767936413107,
    2.3101131255810077,
    2.288304556333102,
    2.257090190740732,
    2.2305554365500426,
    2.211410705248515,
    2.1749916639083473,
    2.1561389843622845,
    2.1322313003050977,
    2.1118443158956675,
    2.089160061493898,
    2.0613773914483877,
    2.0384107088431334,
    2.011083957476494,
    1.9941175625874445,
    1.9804101901176647,
    1.9540652305651933,
    1.9322193952707143,
    1.9194051583607992,
    1.9001519790062538,
    1.880744354541485,
    1.8565461397171021,
    1.8301261192713028,
    1.8154047641998683,
    1.7947056262921064,
    1.7800095613186175,
    1.7587906770217112,
    1.7437484502792358,
    1.7204644704476382,
    1.7008315991132688,
    1.6866042748475687,
    1.6729103705821893,
    1.6469859551160764,
    1.6353894722767366,
    1.620873851653857,
    1.5932291189829508,
    1.587573401744549,
    1.5642305692036946,
    1.5470816245445838,
    1.5326001326243082,
    1.5089721251756718,
    1.4967652498147426,
    1.4761460860570272,
    1.4662949335880768,
    1.4490327786176633,
    1.4282769502737582,
    1.4138659171569041,
    1.4004422854154537,
    1.3849511843461257,
    1.370649530337407,
    1.3500682836923843,
    1.3381554835881941,
    1.3218398986718594,
    1.311212315926185,
    1.291414396579449,
    1.273414156987117,
    1.2597540265474565,
    1.2496461672660633,
    1.2288779656092326,
    1.2219202811901386,
    1.1986765711735456,
    1.1915105290901966,
    1.169853870685284,
    1.1608556805512844,
    1.138134986620683,
    1.1269453757848495,
    1.1178771758690857,
    1.0983303705851237,
    1.0835484113448706,
    1.066690151202373,
    1.0637098887027838,
    1.048689256875943,
    1.0332211292707003,
    1.0190056036680173,
    1.0023218772350213,
    0.9946782029592074,
    0.9795410324365664,
    0.9655566744315318,
    0.9579754108037704,
    0.9409395615259807,
    0.9264387249946594,
    0.9230168272287418,
    0.9103186980271951,
    0.8924122067598196,
    0.8850119312604269,
    0.8709058092190669,
    0.8629825744873438,
    0.8456236478609916,
    0.839026939868927,
    0.8261442554302705,
    0.8197370394682273,
    0.8053247601558,
    0.7981560896604489,
    0.7837511979616605,
    0.7763370550595797,
    0.7631877021911817,
    0.7508834768564273,
    0.7445927946995466,
    0.7359490547424707,
    0.7218191962975722,
    0.7115297418374281,
    0.7058778793383867,
    0.6938325982827407,
    0.6818822726225242,
    0.6743658622105916,
    0.6628769021767836,
    0.6611424999359327,
    0.6524842760501763,
    0.6432538573558514,
    0.6328822860350976,
    0.6243973469122862,
    0.6201381597763452,
    0.6095233047619845,
    0.6024010124879006,
    0.5966941507963034,
    0.5874594089312432,
    0.57845506301293,
    0.5749940962363512,
    0.5681682710464184,
    0.563828054146889,
    0.5578795938919752,
    0.5443923248694493,
    0.5421485362908779,
    0.5379899810522031,
    0.5306444368301294,
    0.5275746888075119,
    0.5196375894240844,
    0.516760232204046,
    0.5128608688330039,
    0.5087134631780478,
    0.5002602441188616,
    0.4970821807017693,
    0.4868574050756601,
    0.481896311044693,
    0.4857833202068622,
    0.47712377462631617,
    0.471313468615214,
    0.46853914123315077,
    0.46285564226981923,
    0.46152737232354973,
    0.4597685682467925,
    0.45473539875103874,
    0.44988539050786924,
    0.44810319328919435,
    0.4436888370758448,
    0.4394204770907378,
    0.4406523496676714,
    0.43728964512164775,
    0.43593649589098415,
    0.4287968340592507,
    0.42891491865500425,
    0.4253671620136652,
    0.42473419094697024,
    0.4231679172087938,
    0.4206551105548174,
    0.41897968084384235,
    0.41731138642017657,
    0.4164220643349183,
    0.41912131370642247,
    0.4115349408907768,
    0.4134275706914755,
    0.41267573497234245,
    0.41267344951629636,
    0.41182041519727464,
    0.4105921873679528,
    0.4097351037538969,
    0.4093985792918083,
    0.4073696601085174,
    0.407049692594088,
    0.4096588830153147,
    0.40994051557320815,
    0.4082970892771696,
    0.409096317872023
  ],