{
  "best_acc": 47.75,
  "final_mean": 46.838,
  "test_acc_history": [
    8.19,
    10.08,
    12.23,
    14.13,
    16.63,
    19.12,
    20.08,
    23.03,
    23.81,
    24.46,
    25.92,
    27.62,
    28.7,
    29.23,
    29.74,
    30.73,
    31.36,
    31.45,
    32.64,
    33.93,
    34.37,
    35.42,
    35.59,
    36.23,
    36.44,
    37.41,
    38.05,
    38.13,
    38.48,
    39.06,
    38.9,
    40.15,
    39.62,
    41.13,
    40.89,
    42.03,
    41.45,
    41.99,
    41.95,
    42.77,
    42.08,
    43.59,
    42.68,
    42.75,
    44.2,
    43.82,
    44.48,
    44.77,
    44.96,
    44.86,
    44.43,
    45.01,
    44.83,
    45.34,
    45.46,
    45.86,
    45.41,
    44.92,
    45.29,
    45.78,
    46.38,
    46.26,
    45.97,
    46.55,
    46.17,
    46.5,
    45.95,
    47.27,
    46.91,
    47.28,
    46.86,
    47.47,
    47.15,
    46.86,
    47.57,
    46.25,
    47.46,
    47.75,
    46.97,
    46.75,
    47.01,
    46.57,
    47.43,
    46.78,
    46.96,
    46.79,
    47.07,
    47.24,
    46.86,
    47.47,
    46.76,
    47.54,
    47.18,
    47.08,
    47.11,
    47.14,
    46.99,
    47.49,
    47.37,
    46.79,
    46.71,
    46.91,
    47.08,
    47.31,
    47.01,
    47.06,
    47.26,
    47.13,
    47.48,
    47.33,
    47.21,
    46.82,
    47.12,
    46.98,
    47.32,
    46.86,
    46.65,
    46.99,
    46.85,
    46.93,
    47.43,
    46.86,
    46.81,
    47.12,
    47.02,
    46.84,
    46.89,
    46.78,
    46.94,
    47.07,
    46.87,
    46.41,
    46.73,
    46.68,
    47.02,
    47.1,
    46.84,
    47.09,
    46.92,
    46.81,
    46.62,
    47.34,
    46.36,
    46.32,
    46.73,
    46.84,
    46.66,
    46.86,
    46.57,
    46.61,
    46.72,
    46.98,
    46.65,
    46.11,
    46.71,
    46.74,
    46.4,
    46.36,
    46.51,
    46.88,
    46.8,
    46.61,
    46.36,
    47.09,
    46.79,
    46.97,
    46.55,
    46.74,
    46.86,
    46.81,
    47.04,
    46.75,
    46.88,
    46.71,
    46.74,
    46.77,
    46.74,
    46.59,
    46.64,
    46.71,
    46.53,
    46.56,
    46.57,
    46.83,
    46.71,
    46.62,
    46.65,
    46.75,
    46.74,
    46.67,
    46.76,
    46.84,
    46.78,
    46.81,
    46.76,
    46.83,
    46.81,
    46.86,
    46.84,
    46.85
  ],
  "train_loss_history": [
    4.312132889185197,
    4.057828903198242,
    3.897448224287767,
    3.75572476264758,
    3.6134813125316914,
    3.469783402711917,
    3.3495517290555514,
    3.2520381120535045,
    3.1648847775581554,
    3.0928061265211837,
    3.0278935762552113,
    2.967720749439337,
    2.91188325881958,
    2.852632230367416,
    2.8035619699037992,
    2.75779546101888,
    2.719076819297595,
    2.6731851149828008,
    2.6310376693040896,
    2.59274012981317,
    2.5530238347175795,
    2.515632249147464,
    2.4860544559283135,
    2.448374772683168,
    2.4252338238251516,
    2.3886709763453555,
    2.3633078012710964,
    2.3305814669682428,
    2.3017072567572963,
    2.2735092175312532,
    2.2496871483631624,
    2.231958194879385,
    2.2030368144695576,
    2.179081830000266,
    2.1530850654993303,
    2.130015982114352,
    2.107596806379465,
    2.085411152472863,
    2.0570951455678697,
    2.04194542994866,
    2.0161519270676833,
    1.9959625201347546,
    1.9751861174901326,
    1.9538784754581942,
    1.9351628615305974,
    1.9184428001061464,
    1.8946632379140609,
    1.8745220832335643,
    1.860239681830773,
    1.8351769215021378,
    1.8140252639085819,
    1.7960837303063808,
    1.7830049154085992,
    1.76160194507012,
    1.7382593038754586,
    1.7304108087833112,
    1.7049200027416913,
    1.6880049167535245,
    1.667885734484746,
    1.6512970172441923,
    1.6345625339410244,
    1.6217184103452242,
    1.5979554182443862,
    1.586297199053642,
    1.5635093016502184,
    1.5479805683478332,
    1.535458307999831,
    1.5141854035548674,
    1.4986661568666115,
    1.484947559161064,
    1.4517016184635652,
    1.4501326224742792,
    1.4348332533469568,
    1.4178350002337725,
    1.3973341189897976,
    1.3841337870328854,
    1.3748305614177998,
    1.3528372837946965,
    1.3382352572221023,
    1.3267098078360924,
    1.3115297922721276,
    1.2911051279459245,
    1.2778678227693607,
    1.2614358021662786,
    1.2473464409510295,
    1.2308218778708042,
    1.2235749452542035,
    1.1969341764083274,
    1.1864379500731443,
    1.1718613936350897,
    1.159408874083788,
    1.1450911436325464,
    1.1278031737376482,
    1.1186603133495037,
    1.1070487034626497,
    1.084793618397835,
    1.082524861739232,
    1.0622856962375151,
    1.0502705653508504,
    1.0340257082230007,
    1.0176455149283776,
    1.0085356843777191,
    0.9922311461888826,
    0.9827599714963864,
    0.9710647680820563,
    0.9597907121364887,
    0.9398796934347886,
    0.9326661415589161,
    0.9239605796642792,
    0.9106445722090892,
    0.8966931966634897,
    0.886834162626511,
    0.8794455497692792,
    0.8644775641270173,
    0.8448929105049524,
    0.8363794204516288,
    0.8273471434911092,
    0.8154136196160928,
    0.8045083611439436,
    0.7988035315122359,
    0.7879743502690242,
    0.7718176664450229,
    0.7621851126352946,
    0.755848309626946,
    0.7468427358529507,
    0.7325849967125134,
    0.7271280951989003,
    0.7162752240132063,
    0.7016623053795252,
    0.6963536977767945,
    0.6882682662743789,
    0.6818561501992054,
    0.6740270548906082,
    0.6628949214250613,
    0.6505235525277945,
    0.645124012690324,
    0.635634568410042,
    0.629160100985796,
    0.6200931411523085,
    0.6128417961108379,
    0.6073660590709784,
    0.6011348782441555,
    0.595722907781601,
    0.5852748099045876,
    0.5781589639492524,
    0.5722617994516324,
    0.5694948333960314,
    0.5596863948381864,
    0.5502260087392269,
    0.5451980691689712,
    0.5373261159811265,
    0.5351096983139332,
    0.5261977941561968,
    0.5199433884559533,
    0.515236677420445,
    0.5112778779787895,
    0.5050307261638153,
    0.50058628763908,
    0.4969580687009371,
    0.4904248850467878,
    0.48801969855259625,
    0.48093331502034115,
    0.48389495045710834,
    0.478687907793583,
    0.47067656562878535,
    0.46668172295276933,
    0.4642713234974788,
    0.45807834649697327,
    0.45354833281957185,
    0.4512579301993052,
    0.45281186378919164,
    0.44880969004753307,
    0.44473779919819956,
    0.44397052908555057,
    0.43929440318009794,
    0.43621114416000173,
    0.43512226266738696,
    0.43474383384753496,
    0.42955079705287247,
    0.4244444503233983,
    0.4263482890067956,
    0.42825753841644676,
    0.4212783354979295,
    0.425398127696453,
    0.4209100460394835,
    0.4157408157984416,
    0.41588980295719247,
    0.41319734713970085,
    0.4164818367896936,
    0.4166560443548056,
    0.41229719473765447,
    0.4153012342942067,
    0.41088456007150503,
    0.4110798615675706,
    0.40931427830304856,
    0.41373917643840497,
    0.4121669326073084,
    0.41070436590757126,
    0.4120139956474304,
    0.4085808303111639
  ],