{
  "best_acc": 43.47,
  "final_mean": 42.964000000000006,
  "test_acc_history": [
    9.02,
    13.15,
    16.96,
    19.98,
    22.76,
    25.27,
    27.99,
    29.64,
    31.61,
    32.9,
    33.02,
    35.3,
    36.06,
    37.08,
    37.08,
    38.87,
    39.22,
    39.81,
    41.38,
    41.33,
    41.82,
    42.91,
    42.43,
    42.55,
    43.08,
    42.86,
    43.02,
    43.15,
    43.02,
    43.47,
    43.23,
    43.25,
    43.43,
    42.63,
    43.26,
    43.34,
    42.35,
    41.79,
    42.43,
    42.64,
    42.29,
    42.2,
    41.91,
    42.47,
    41.73,
    41.84,
    42.11,
    41.68,
    41.94,
    42.16,
    40.93,
    41.69,
    42.13,
    41.19,
    41.19,
    41.45,
    41.03,
    41.62,
    40.67,
    41.38,
    41.34,
    41.41,
    41.97,
    41.49,
    41.59,
    41.23,
    41.47,
    40.31,
    42.21,
    40.98,
    41.35,
    41.89,
    41.13,
    41.58,
    41.5,
    42.02,
    40.76,
    41.15,
    41.93,
    41.42,
    40.92,
    40.94,
    41.59,
    41.32,
    41.81,
    41.12,
    41.04,
    41.52,
    40.85,
    40.91,
    41.33,
    41.6,
    41.64,
    41.19,
    41.14,
    41.26,
    40.97,
    41.51,
    40.82,
    41.36,
    41.92,
    41.25,
    41.92,
    42.09,
    41.65,
    41.43,
    41.99,
    41.47,
    41.72,
    41.89,
    41.74,
    41.69,
    41.17,
    41.93,
    41.9,
    42.11,
    42.21,
    41.78,
    41.89,
    41.81,
    41.78,
    41.65,
    41.83,
    41.83,
    41.39,
    41.24,
    41.52,
    41.84,
    41.5,
    41.54,
    42.02,
    41.82,
    41.71,
    42.0,
    41.94,
    41.7,
    42.04,
    41.67,
    41.81,
    41.69,
    42.14,
    42.03,
    42.34,
    42.29,
    42.86,
    41.89,
    42.25,
    42.23,
    42.33,
    42.15,
    42.51,
    42.52,
    42.45,
    42.3,
    42.62,
    42.65,
    42.56,
    42.63,
    42.76,
    42.57,
    42.4,
    42.41,
    42.19,
    42.12,
    42.28,
    42.69,
    42.87,
    42.72,
    42.59,
    42.99,
    42.7,
    42.82,
    42.64,
    42.89,
    42.72,
    42.78,
    42.6,
    42.79,
    43.02,
    42.76,
    42.72,
    42.9,
    42.69,
    42.91,
    42.82,
    42.88,
    42.91,
    42.85,
    42.8,
    42.89,
    42.84,
    42.93,
    42.92,
    42.98,
    42.94,
    42.96,
    42.98,
    42.97,
    42.95,
    42.96
  ],
  "train_loss_history": [
    4.226397372514773,
    3.8400001525878906,
    3.577420577024802,
    3.373586366115472,
    3.1906175246605506,
    3.0336237308306573,
    2.905021504866771,
    2.7915294965108237,
    2.7041412549141124,
    2.618408826681284,
    2.5347710707248785,
    2.4609642737951036,
    2.3844056019416224,
    2.3135884761810304,
    2.242790590188442,
    2.167733077513866,
    2.1065583394123957,
    2.0353758866970355,
    1.969470486885462,
    1.9022700890516624,
    1.8368698541934674,
    1.7666605221919525,
    1.6970003641568698,
    1.638232861421047,
    1.5716444260034805,
    1.4988901682389089,
    1.4420677441817062,
    1.3729865483748607,
    1.3018627900343676,
    1.2398496352709256,
    1.1657715424513206,
    1.1146842302420201,
    1.0403142064045636,
    0.9829833351648771,
    0.9272054332953233,
    0.8681048683631114,
    0.8175652027130127,
    0.761445661691519,
    0.7286886782218248,
    0.6830708000904474,
    0.6376508738750066,
    0.6048358359397986,
    0.5635864650591825,
    0.5236156396376781,
    0.49788476137014537,
    0.47624371021221845,
    0.4476695531453842,
    0.42447929290624764,
    0.3999468487042647,
    0.38078406605965054,
    0.358759452135135,
    0.34514390291311803,
    0.3310306219718395,
    0.32480104871285265,
    0.30722128320962955,
    0.29211190266486925,
    0.27790904557093593,
    0.2663706152867048,
    0.25755634552393203,
    0.24773324796786675,
    0.23941416037388338,
    0.2307768131677921,
    0.22382501520407505,
    0.21354972215799184,
    0.20838058078900362,
    0.20216436080443553,
    0.19423536444321657,
    0.1856754292662327,
    0.17785960401480014,
    0.17012675152375148,
    0.1628428911933532,
    0.16000572316921674,
    0.15994968299682324,
    0.15398417692153882,
    0.14799860559212855,
    0.1452880018414595,
    0.13818638244500528,
    0.13749317221152477,
    0.1290602245965065,
    0.12615381666483022,
    0.12235033126213611,
    0.11556553429900071,
    0.11651394256414511,
    0.10675542186468076,
    0.1084784370393325,
    0.10702081152643912,
    0.10218620840937663,
    0.09972680224440036,
    0.09203483250278693,
    0.09037453031692749,
    0.09224331508844327,
    0.0870659613265441,
    0.08136989342478605,
    0.08143205107786716,
    0.07688402731258136,
    0.07441519003074903,
    0.07383095898116246,
    0.07111882597972186,
    0.06913554284435053,
    0.06812845120827357,
    0.06536178053953709,
    0.0642963725882463,
    0.05945227573124262,
    0.056926031458454256,
    0.05662027032902608,
    0.05699183762264557,
    0.0526978564568055,
    0.049075345924267405,
    0.048200610547493666,
    0.046911582140586314,
    0.04549850509143793,
    0.0461767811805774,
    0.042474469762199964,
    0.04212991670251657,
    0.0387694606032127,
    0.037061832701930635,
    0.03606147154783591,
    0.03503011577786543,
    0.03379448195680594,
    0.032588216886879545,
    0.030702533496496005,
    0.028724054476389517,
    0.030608561183684147,
    0.02602287096520647,
    0.025240665194220267,
    0.02508881046699408,
    0.024239025296022496,
    0.02374888161340585,
    0.022584259622276594,
    0.019783277771411797,
    0.020545119990427525,
    0.01750518908389868,
    0.018056582184269643,
    0.018277642811433625,
    0.017246416196800195,
    0.015853623401087064,
    0.015220217953603237,
    0.015054825191887526,
    0.011923880762874315,
    0.011359464864318188,
    0.011735940309098135,
    0.01100004968018486,
    0.010241595001365894,
    0.010617883011507682,
    0.009045796129757012,
    0.009294248283960116,
    0.008853337980615788,
    0.00910314661808885,
    0.007445016379157702,
    0.007117068041593601,
    0.006574575660320429,
    0.006375242540469536,
    0.005820557269721459,
    0.005897314022653378,
    0.0055425997011554545,
    0.005007465900136874,
    0.004955037322659523,
    0.0049663371573656035,
    0.004731368452597123,
    0.004842539781179184,
    0.004243376695861419,
    0.0039459090202282636,
    0.0037357273081747387,
    0.003756206852789873,
    0.003317421712936499,
    0.003477307084279183,
    0.0032305127726151395,
    0.0031306366125742596,
    0.0029324587744971116,
    0.003222801906462663,
    0.002671703392974077,
    0.002538787518651822,
    0.002287001573504546,
    0.002125098761648704,
    0.0021636289233962695,
    0.0023230744883991207,
    0.0021143146695043794,
    0.0018654605517020592,
    0.0019872164879089745,
    0.0018247336125335632,
    0.0019775244287955455,
    0.001756361200927924,
    0.0017817495963894404,
    0.0016252188704525812,
    0.0016936809326020571,
    0.0018768179875153761,
    0.0017065315722272947,
    0.0015799455941678622,
    0.0015332225399712722,
    0.0015105491384672814,
    0.001579263815895105,
    0.001458554514325582,
    0.0014065397951083306,
    0.0014150554433656043,
    0.0014010197435243008,
    0.0013916483936974636,
    0.0014302105356294376,
    0.0013484077217678228,
    0.0014398317091549055,
    0.001283658950183636
  ],