{
  "best_acc": 48.02,
  "final_mean": 46.658,
  "test_acc_history": [
    8.01,
    9.7,
    11.06,
    13.29,
    15.94,
    18.16,
    20.08,
    21.58,
    24.24,
    23.94,
    26.97,
    26.75,
    28.47,
    29.65,
    29.18,
    30.44,
    31.88,
    32.35,
    33.54,
    33.83,
    34.18,
    35.0,
    35.62,
    36.65,
    36.52,
    37.81,
    38.64,
    38.64,
    38.35,
    39.41,
    39.53,
    40.12,
    39.96,
    41.38,
    40.86,
    41.17,
    41.62,
    41.82,
    42.46,
    42.82,
    43.71,
    43.14,
    42.83,
    43.06,
    44.0,
    44.21,
    44.03,
    43.09,
    43.87,
    44.66,
    44.73,
    45.26,
    45.11,
    44.71,
    45.0,
    45.69,
    45.48,
    46.06,
    45.62,
    45.49,
    45.82,
    45.62,
    46.25,
    46.51,
    45.5,
    47.01,
    45.95,
    46.79,
    46.26,
    46.66,
    46.33,
    46.78,
    46.74,
    46.93,
    47.55,
    46.38,
    47.18,
    47.0,
    47.46,
    46.76,
    46.42,
    47.39,
    48.02,
    47.38,
    46.7,
    47.72,
    47.16,
    47.59,
    47.9,
    47.58,
    47.62,
    47.51,
    47.55,
    47.49,
    47.25,
    46.95,
    47.36,
    46.91,
    47.37,
    46.75,
    46.74,
    47.29,
    47.11,
    46.77,
    46.82,
    46.77,
    46.75,
    47.23,
    46.74,
    47.1,
    47.17,
    47.03,
    47.19,
    47.62,
    46.9,
    47.43,
    46.74,
    47.19,
    47.37,
    47.64,
    46.93,
    47.24,
    46.78,
    47.4,
    46.89,
    46.87,
    47.31,
    46.6,
    46.83,
    46.64,
    47.19,
    46.53,
    46.88,
    46.87,
    46.42,
    47.23,
    46.74,
    46.88,
    46.75,
    46.77,
    46.18,
    46.88,
    46.6,
    46.43,
    46.96,
    46.77,
    46.59,
    46.78,
    47.0,
    46.57,
    46.71,
    46.84,
    46.97,
    46.82,
    46.72,
    46.61,
    46.44,
    46.6,
    46.95,
    46.74,
    46.75,
    46.76,
    46.52,
    46.74,
    46.62,
    46.5,
    46.69,
    46.59,
    46.73,
    46.86,
    46.55,
    46.74,
    46.56,
    46.59,
    46.66,
    46.67,
    46.53,
    46.43,
    46.67,
    46.42,
    46.56,
    46.77,
    46.47,
    46.67,
    46.7,
    46.56,
    46.58,
    46.55,
    46.62,
    46.66,
    46.68,
    46.69,
    46.62,
    46.64,
    46.69,
    46.7,
    46.63,
    46.66,
    46.64,
    46.66
  ],
  "train_loss_history": [
    4.325812100141476,
    4.062276204427083,
    3.905586712176983,
    3.7705888234652005,
    3.6316030722398023,
    3.486462924419305,
    3.3657207978077426,
    3.2595596729180754,
    3.172939990117,
    3.096224246880947,
    3.0318081268897425,
    2.968368176924877,
    2.9137410640716555,
    2.8570745590405586,
    2.80813605479705,
    2.7596067367455897,
    2.7137142156943295,
    2.6741321209149485,
    2.6348250303512963,
    2.5972514274792795,
    2.5578278627151096,
    2.5244519038078113,
    2.4937695894485863,
    2.4599917069459574,
    2.430386601961576,
    2.3963293784703965,
    2.3683181982774,
    2.3402664013398,
    2.310639469440167,
    2.291276486103351,
    2.2586996151850776,
    2.237879746999496,
    2.212442287420615,
    2.182184278048002,
    2.162487838207147,
    2.135252655469454,
    2.1134809652964273,
    2.0934405057858196,
    2.067706675407214,
    2.0508959715182966,
    2.0274666694494394,
    2.0031572617017304,
    1.9816330292286017,
    1.9639089468197946,
    1.946707002321879,
    1.9253182582366162,
    1.9066912290377496,
    1.8845627197852501,
    1.864905502857306,
    1.8448529469661223,
    1.8249004284540813,
    1.8057280460993448,
    1.7894363195468217,
    1.7696889333235912,
    1.749264923731486,
    1.7279632415526953,
    1.7126313826976678,
    1.6970539924425956,
    1.678631567955017,
    1.664296512114696,
    1.6432282643440441,
    1.624434192975362,
    1.6052927500162368,
    1.591173184223664,
    1.580700859045371,
    1.5550295426295353,
    1.5455567732835427,
    1.5181835590264736,
    1.5086298056137868,
    1.4888117576256776,
    1.479358199926523,
    1.4581519683202109,
    1.4414462480789576,
    1.425427628786136,
    1.4136784577981019,
    1.3932970884518745,
    1.377749701646658,
    1.3673711562768007,
    1.343835238310007,
    1.3330597975315193,
    1.3153511334688235,
    1.298322911751576,
    1.2849620574559921,
    1.2676272869110108,
    1.2510083626478146,
    1.240597566580161,
    1.221989663441976,
    1.2054190877156379,
    1.2001899707011687,
    1.1804518033296634,
    1.1668205624971635,
    1.1471184058067125,
    1.135569914793357,
    1.1189494958290687,
    1.1126775252513397,
    1.0948071913841444,
    1.0822877306204575,
    1.0643016546200483,
    1.0566759036137507,
    1.0422652449363317,
    1.0283243170151344,
    1.0113791588025216,
    1.003470782438914,
    0.9890702003087752,
    0.9719530515181712,
    0.958640014513945,
    0.943674438733321,
    0.9324762640855251,
    0.9214706133573484,
    0.9169637903189047,
    0.903840320232587,
    0.891092450496478,
    0.8752207129429548,
    0.866915369950808,
    0.8543515342932481,
    0.8385704981975066,
    0.8360620345824804,
    0.8215407123932472,
    0.8160087967530275,
    0.7988311801201258,
    0.7926603965270214,
    0.7747608414063087,
    0.7670956137852791,
    0.7618190866250258,
    0.7471852764105186,
    0.736790134662237,
    0.7248451022001413,
    0.7198167265989841,
    0.712360950311025,
    0.7016601317968124,
    0.6964780246600126,
    0.6828284819920858,
    0.6739284778252627,
    0.6692313823944483,
    0.6578187557367178,
    0.6507889159214802,
    0.6390239969277993,
    0.6360626731163416,
    0.622770671813916,
    0.6171240199834872,
    0.6099812932503529,
    0.6018342777704582,
    0.5937236726284028,
    0.591604615174807,
    0.5806234096869444,
    0.5671055153394357,
    0.5651701470216115,
    0.5613957845247709,
    0.5569722915307069,
    0.5521791467299828,
    0.5395905332687574,
    0.5395709786659632,
    0.5330743837050903,
    0.525472104549408,
    0.5228367247642615,
    0.5156541780019418,
    0.5101969706706512,
    0.5047120143205691,
    0.4984397562650534,
    0.49684560421185614,
    0.4921447191482935,
    0.4850120707964286,
    0.48440950910250347,
    0.47359060110189977,
    0.47395301522352756,
    0.46867685440259105,
    0.46398589932001555,
    0.4627205353516799,
    0.4593604012941703,
    0.45624052668229126,
    0.45392126364585683,
    0.45002971291542054,
    0.4447896919189355,
    0.44582531834260014,
    0.4424246416642116,
    0.4416270321760422,
    0.43867254211352424,
    0.4345135583327367,
    0.4309049821816958,
    0.43171393626775495,
    0.43291040857632956,
    0.42668028810085395,
    0.42478960034174795,
    0.42864560989233164,
    0.4229114593603672,
    0.4219641509728554,
    0.4164083338700808,
    0.4176565164174789,
    0.41775102829321836,
    0.41725287788953536,
    0.4156414091587067,
    0.41683552035918603,
    0.4168390951095483,
    0.4181534794660715,
    0.41302836659627085,
    0.41362376732703965,
    0.4150236666202545,
    0.4112874984741211,
    0.414388332152978,
    0.4163411033459199
  ],