{
  "best_acc": 48.09,
  "final_mean": 47.016,
  "test_acc_history": [
    7.31,
    10.26,
    12.25,
    14.45,
    16.3,
    18.71,
    20.1,
    21.38,
    23.99,
    24.83,
    25.9,
    26.71,
    28.21,
    29.06,
    30.43,
    29.87,
    30.46,
    32.5,
    31.78,
    34.32,
    35.34,
    34.66,
    34.73,
    35.64,
    36.48,
    36.87,
    36.9,
    37.7,
    38.37,
    38.82,
    39.34,
    40.15,
    40.93,
    40.53,
    40.94,
    41.29,
    42.23,
    41.82,
    42.9,
    43.07,
    42.47,
    42.72,
    41.81,
    43.64,
    43.76,
    43.01,
    44.13,
    43.6,
    44.47,
    44.95,
    45.04,
    44.72,
    44.89,
    45.14,
    45.82,
    45.34,
    45.72,
    45.19,
    46.1,
    45.94,
    46.48,
    45.75,
    46.48,
    46.15,
    46.75,
    46.36,
    46.72,
    47.11,
    46.8,
    46.88,
    47.42,
    46.73,
    47.13,
    47.41,
    46.73,
    46.63,
    47.03,
    46.75,
    47.14,
    47.22,
    47.6,
    46.81,
    46.75,
    46.91,
    47.59,
    47.22,
    47.13,
    47.41,
    47.02,
    47.53,
    47.61,
    47.7,
    47.32,
    47.27,
    47.75,
    46.58,
    47.07,
    47.02,
    47.57,
    47.3,
    47.54,
    47.25,
    47.56,
    46.86,
    47.08,
    47.61,
    47.54,
    47.0,
    47.15,
    46.81,
    47.31,
    48.09,
    46.96,
    47.36,
    47.66,
    47.1,
    47.06,
    47.21,
    47.11,
    47.03,
    46.82,
    47.69,
    46.79,
    47.19,
    47.29,
    47.05,
    46.6,
    47.08,
    46.72,
    46.96,
    46.8,
    47.38,
    47.44,
    46.94,
    47.32,
    47.05,
    47.07,
    46.87,
    46.7,
    47.04,
    46.72,
    47.14,
    47.02,
    47.19,
    46.73,
    46.94,
    47.14,
    46.7,
    47.03,
    46.85,
    46.46,
    46.93,
    46.89,
    46.77,
    46.95,
    47.12,
    46.91,
    46.87,
    46.74,
    46.69,
    46.88,
    46.81,
    46.83,
    46.77,
    47.06,
    47.07,
    46.83,
    47.03,
    46.98,
    46.83,
    46.98,
    46.83,
    46.94,
    46.9,
    46.86,
    46.73,
    46.81,
    47.09,
    46.98,
    46.84,
    46.67,
    47.16,
    46.78,
    47.05,
    46.94,
    47.15,
    47.17,
    47.0,
    47.11,
    47.04,
    46.95,
    47.04,
    47.03,
    46.92,
    46.98,
    47.05,
    47.04,
    46.98,
    47.01,
    47.0
  ],
  "train_loss_history": [
    4.324275872646234,
    4.06399669158153,
    3.9089281424497946,
    3.7667669907594337,
    3.625074100494385,
    3.4784421859643397,
    3.3640454903627055,
    3.2658372830121944,
    3.1835345476101606,
    3.1085568635891647,
    3.037542839539357,
    2.9783183183425512,
    2.921154077236469,
    2.873059094257844,
    2.8200263243455153,
    2.7710640907287596,
    2.7302745684599263,
    2.6857532929151486,
    2.637997743410942,
    2.601141962638268,
    2.5741711726555456,
    2.530613830762032,
    2.4979054854466365,
    2.4588314679952767,
    2.4372982147412423,
    2.4021627157162397,
    2.3711200066101856,
    2.342193881059304,
    2.3173552989959716,
    2.288745680833474,
    2.2666416828448956,
    2.2366783276582374,
    2.2117379983266194,
    2.1894182596451195,
    2.1634045955462335,
    2.1323369790346196,
    2.1147257370826527,
    2.090679588073339,
    2.0713515018805477,
    2.0479349081332865,
    2.027981570439461,
    2.000953933520195,
    1.9854380130767821,
    1.9623125100747132,
    1.9403791892222868,
    1.921597560858115,
    1.8996454318364462,
    1.888156026448959,
    1.8663828207896307,
    1.8389981324856097,
    1.831279494212224,
    1.8029270324951563,
    1.7866762729791494,
    1.7636790269460434,
    1.7483519584704668,
    1.7297107103543403,
    1.7097979631179419,
    1.6900679949002388,
    1.67441031566033,
    1.6525366887068138,
    1.6417316051629873,
    1.620926624078017,
    1.604660394252875,
    1.5905031784986838,
    1.5766757647196452,
    1.560628058360173,
    1.5395217510370107,
    1.5231679567923913,
    1.504207538947081,
    1.4902027337979047,
    1.4699379560274957,
    1.4599046438168257,
    1.4501313368479412,
    1.4231451376890525,
    1.4071920125912398,
    1.3968973239262898,
    1.380500780007778,
    1.3693676618429331,
    1.3423881909786126,
    1.3323993218250765,
    1.3214437435834836,
    1.3020937216587556,
    1.2866413929523566,
    1.2683483423330846,
    1.2642285952201255,
    1.2424909157630726,
    1.2317826521702302,
    1.2149279768650347,
    1.204061399667691,
    1.1845466916377727,
    1.1656435306255635,
    1.164767563648713,
    1.1409120935660142,
    1.1270062449650886,
    1.117982461819282,
    1.1021712257311895,
    1.0844633787106246,
    1.0681817898383508,
    1.0634043057759603,
    1.0497689778988177,
    1.0418049332423087,
    1.0260644918833024,
    1.012626442542443,
    0.9983453875932938,
    0.9848984562433682,
    0.9690599410961835,
    0.9635433872540792,
    0.9521628318688808,
    0.9427232855405563,
    0.9242450753847758,
    0.91111828822356,
    0.9050356388092041,
    0.8877732769036905,
    0.8813825634809641,
    0.8650472677670993,
    0.8531478612850873,
    0.8470142382841844,
    0.834488657498971,
    0.8283976616003574,
    0.8161306586021032,
    0.7999422327066079,
    0.7940676154234471,
    0.7831206025221409,
    0.7765609921553196,
    0.7648156649027116,
    0.7546205954673962,
    0.743839417054103,
    0.7369223992029826,
    0.7202864506305793,
    0.7165149713173891,
    0.7127661249576471,
    0.6928344809092009,
    0.6903361711746607,
    0.68093559497442,
    0.6730387904705145,
    0.6641700231111967,
    0.6587727066798088,
    0.6498021760048011,
    0.639996998432355,
    0.6319410799405514,
    0.6295922393982227,
    0.616932651018485,
    0.6106074537986365,
    0.5995021818540035,
    0.5967281920787616,
    0.586718933398907,
    0.5833347939527952,
    0.5802481180582291,
    0.5692282907473736,
    0.5620740892031254,
    0.5569625849907215,
    0.5558669133064075,
    0.5455899020036061,
    0.5373527083641444,
    0.5394447288452051,
    0.5287748284828968,
    0.5220013963870513,
    0.5220525958599188,
    0.5202178285672114,
    0.5107711932598016,
    0.5096695831188789,
    0.500584777043416,
    0.4966666374451075,
    0.49468463277205443,
    0.49382958595569315,
    0.4841781530624781,
    0.4835673031134483,
    0.4795675028593112,
    0.4775558765117939,
    0.47221365036108554,
    0.47049744939192745,
    0.4676483762569917,
    0.461624503441346,
    0.460716996437464,
    0.45830359504773066,
    0.45522391918377997,
    0.45664367966162855,
    0.4536517722484393,
    0.4501451142323323,
    0.44685774063452693,
    0.44610798756281533,
    0.4491568874090146,
    0.4415808636408586,
    0.44006916605509244,
    0.439730199942222,
    0.43305243666355425,
    0.4361277788113325,
    0.4365508408118517,
    0.42984943359326094,
    0.4374435658638294,
    0.4345755169024834,
    0.4313503043773847,
    0.4315803379584581,
    0.4322272138717847,
    0.430401054253945,
    0.43279648958108363,
    0.4282550810239254,
    0.43225125869115194,
    0.4287383784086276,
    0.42965620572750385
  ],