{
  "best_acc": 44.72,
  "final_mean": 43.760000000000005,
  "test_acc_history": [
    9.38,
    14.2,
    17.74,
    19.56,
    23.38,
    25.24,
    28.4,
    30.93,
    31.61,
    32.54,
    34.28,
    35.99,
    37.11,
    37.25,
    38.56,
    40.14,
    40.46,
    41.65,
    41.7,
    42.48,
    43.24,
    42.51,
    42.61,
    43.61,
    43.25,
    43.35,
    43.48,
    43.88,
    43.88,
    44.72,
    43.6,
    43.95,
    43.73,
    43.32,
    43.91,
    43.07,
    43.68,
    43.31,
    43.34,
    43.23,
    42.52,
    42.54,
    42.57,
    42.59,
    42.21,
    42.19,
    42.41,
    42.1,
    42.18,
    42.69,
    41.94,
    42.56,
    42.1,
    42.25,
    42.63,
    42.23,
    41.34,
    41.98,
    42.25,
    41.67,
    41.24,
    42.18,
    41.81,
    41.67,
    41.92,
    42.12,
    41.76,
    42.32,
    41.57,
    41.78,
    41.31,
    41.49,
    42.38,
    42.09,
    42.61,
    42.33,
    42.15,
    41.7,
    41.55,
    42.2,
    42.13,
    41.94,
    41.63,
    42.17,
    41.82,
    41.94,
    41.9,
    42.21,
    42.35,
    41.88,
    41.7,
    41.52,
    41.7,
    41.48,
    41.62,
    41.52,
    41.52,
    42.49,
    42.09,
    41.86,
    41.61,
    41.68,
    41.79,
    42.01,
    41.63,
    41.79,
    42.21,
    42.28,
    42.09,
    41.76,
    42.28,
    42.3,
    41.85,
    41.61,
    42.15,
    42.26,
    42.48,
    42.45,
    42.12,
    42.75,
    42.76,
    42.13,
    42.46,
    42.42,
    42.61,
    42.5,
    42.57,
    42.39,
    42.49,
    43.05,
    42.62,
    42.42,
    42.96,
    42.57,
    42.87,
    42.45,
    42.65,
    42.57,
    42.63,
    42.36,
    42.94,
    42.51,
    42.85,
    42.73,
    43.25,
    42.59,
    42.55,
    42.86,
    43.17,
    42.84,
    42.91,
    43.13,
    42.75,
    43.04,
    43.1,
    42.88,
    43.14,
    43.23,
    43.41,
    43.19,
    43.35,
    43.41,
    43.2,
    43.34,
    43.31,
    43.52,
    43.42,
    43.54,
    43.86,
    43.46,
    43.22,
    43.47,
    43.34,
    43.62,
    43.45,
    43.54,
    43.68,
    43.54,
    43.55,
    43.74,
    43.59,
    43.68,
    43.8,
    43.62,
    43.62,
    43.68,
    43.68,
    43.64,
    43.73,
    43.59,
    43.73,
    43.76,
    43.77,
    43.75,
    43.73,
    43.77,
    43.75,
    43.75,
    43.77,
    43.76
  ],
  "train_loss_history": [
    4.208398594000401,
    3.8316924266326122,
    3.5831011821062138,
    3.3657691845527062,
    3.1854611567961864,
    3.0109779150058062,
    2.891961869215354,
    2.774090296182877,
    2.6813020803989507,
    2.592502106153048,
    2.502313701923077,
    2.4210330987587954,
    2.3484377653170854,
    2.261089685635689,
    2.1930300027896195,
    2.125049721889007,
    2.0498519231111576,
    1.991530089500623,
    1.920078610151242,
    1.8615507792203854,
    1.7937852199261004,
    1.7253675955992478,
    1.660394210081834,
    1.5942782157506699,
    1.5212783000408074,
    1.4623655741031354,
    1.394750422697801,
    1.3329481241030572,
    1.2628103372378228,
    1.2013753939897587,
    1.1322367041538923,
    1.0702528446148603,
    1.0114824035228827,
    0.9505456447601318,
    0.8952891028844393,
    0.840928351573455,
    0.7748480381109776,
    0.7331688563028972,
    0.6896104895151578,
    0.6473724282704867,
    0.6096228293883494,
    0.5678584034626301,
    0.5277721967452612,
    0.5025445672181936,
    0.4688824208883139,
    0.4455341407885918,
    0.4190695142134642,
    0.3960671605972143,
    0.37916996417901455,
    0.3613201598326365,
    0.34307201573481927,
    0.32574088321282313,
    0.3158689230680466,
    0.3024800413694137,
    0.2880009969839683,
    0.2707115968068441,
    0.2667922431841875,
    0.2543179719111858,
    0.23405083333834623,
    0.22716551988552777,
    0.22124658956741675,
    0.21673998821240206,
    0.2037251589389948,
    0.2033466712022439,
    0.19626021327880713,
    0.1890818714331358,
    0.17786536193810976,
    0.17519055975553316,
    0.1671529918526992,
    0.16344603502597566,
    0.15848853473479932,
    0.14967193454504013,
    0.14600412753912118,
    0.14389303064881226,
    0.1367128055065106,
    0.13482139175518965,
    0.12953153714919702,
    0.12764152796604694,
    0.11809245099623998,
    0.11599285669433765,
    0.11527189967723993,
    0.11166423482772632,
    0.1082414652674626,
    0.10600295028625391,
    0.09930486478484594,
    0.09947393362720808,
    0.09350928962230683,
    0.08994821094167538,
    0.08872408276567093,
    0.08563293615976969,
    0.0823437817585774,
    0.07999004391141427,
    0.07790720032957885,
    0.07652956908329939,
    0.07372714890501438,
    0.07217394465055221,
    0.06843784293876244,
    0.06750239916145802,
    0.06282273928324382,
    0.06010419254501661,
    0.06028569467747823,
    0.05663158396879832,
    0.056155150030285886,
    0.05467529851847734,
    0.0527090954570434,
    0.049841063278607836,
    0.05010110926933778,
    0.0452322750710524,
    0.04573344871974908,
    0.042177873176450914,
    0.042075074091553685,
    0.038256987446966845,
    0.040652916346413964,
    0.036145689596350374,
    0.0352397696998639,
    0.03405468184500933,
    0.03324555896031551,
    0.032376263534220365,
    0.03280257336222209,
    0.029798201309182704,
    0.028292415730464152,
    0.025770762825432496,
    0.025408557396477613,
    0.024393009329931093,
    0.02274465265039068,
    0.022816952165120686,
    0.02232249897116652,
    0.020411603902585996,
    0.021106648163344614,
    0.019930778878430526,
    0.019029155204024834,
    0.017716014120154656,
    0.016027671760186935,
    0.01574582517003784,
    0.016245527176234204,
    0.01401967643163143,
    0.01329783625088823,
    0.011197495333945904,
    0.01186760656344585,
    0.01125278228129714,
    0.011303733200885546,
    0.011248894962362754,
    0.009731832414101332,
    0.010386120520818692,
    0.00915927032295328,
    0.008223887244000649,
    0.007708070634935911,
    0.0075338021040153805,
    0.007067748156782144,
    0.006657882667600344,
    0.006758053648548248,
    0.00547480155260135,
    0.0055966153860283205,
    0.005042992677921668,
    0.004700886147717635,
    0.004890763329771849,
    0.005111328264077505,
    0.004194968704802867,
    0.004299119165023932,
    0.004283919971054181,
    0.004031972011599021,
    0.0039803491905331615,
    0.0034753468986123037,
    0.0032504362913851554,
    0.0033158856491820933,
    0.0029926308335211033,
    0.002644331039239963,
    0.002601886554979361,
    0.0024344589370183457,
    0.0025226890539320618,
    0.0024844890364851707,
    0.0025487967336980197,
    0.0025416958312957714,
    0.0020052951163588425,
    0.001982078254700471,
    0.0019536830914708286,
    0.001625623804732011,
    0.00182795034100612,
    0.0015636008161191758,
    0.0017817660903510376,
    0.0019903200630767225,
    0.0015741597049129315,
    0.0015560249702479595,
    0.0014830277181970767,
    0.001606921985363349,
    0.0014190652479345982,
    0.0014084474780620673,
    0.0014553807580318207,
    0.0012457148052560977,
    0.001329008790736015,
    0.0012985054069222547,
    0.0013402784099945655,
    0.0013252639187834201,
    0.0012667838722849503,
    0.0011496586796755975,
    0.0013144475049697436,
    0.0013006494093972902,
    0.0013284207369463567,
    0.001240453439263197,
    0.0011972014028101396
  ],