{
  "best_acc": 44.14,
  "final_mean": 43.47,
  "test_acc_history": [
    8.97,
    13.23,
    16.19,
    19.0,
    23.19,
    25.41,
    26.74,
    29.5,
    31.17,
    33.16,
    33.29,
    34.14,
    36.15,
    37.34,
    38.19,
    38.63,
    39.39,
    40.09,
    41.25,
    41.92,
    41.86,
    42.59,
    42.29,
    42.49,
    42.62,
    42.91,
    43.0,
    43.49,
    43.09,
    44.14,
    43.6,
    43.19,
    43.69,
    43.22,
    43.56,
    43.68,
    43.34,
    43.53,
    43.25,
    42.87,
    42.42,
    42.89,
    42.29,
    41.97,
    42.61,
    42.43,
    42.69,
    42.3,
    42.25,
    41.34,
    41.98,
    41.48,
    41.69,
    41.57,
    41.43,
    42.05,
    41.46,
    42.39,
    41.47,
    41.08,
    41.98,
    41.98,
    41.34,
    42.63,
    41.48,
    41.54,
    41.75,
    41.61,
    41.68,
    41.33,
    41.35,
    41.53,
    42.2,
    41.34,
    41.92,
    41.51,
    41.68,
    41.7,
    41.29,
    41.32,
    42.43,
    41.15,
    41.78,
    41.46,
    41.78,
    41.65,
    41.69,
    41.55,
    41.61,
    42.13,
    41.67,
    41.96,
    41.32,
    41.84,
    41.58,
    42.12,
    41.95,
    42.3,
    42.33,
    41.96,
    41.85,
    41.58,
    41.62,
    41.45,
    41.75,
    42.06,
    42.0,
    41.76,
    42.44,
    41.99,
    41.92,
    41.8,
    42.24,
    42.02,
    41.52,
    41.41,
    42.4,
    42.09,
    42.14,
    42.51,
    41.86,
    42.3,
    41.82,
    42.18,
    42.13,
    42.29,
    42.47,
    41.89,
    42.06,
    42.03,
    42.49,
    42.11,
    42.46,
    42.31,
    42.37,
    42.34,
    42.93,
    42.7,
    42.89,
    42.93,
    42.7,
    42.51,
    42.73,
    42.39,
    42.89,
    42.94,
    42.84,
    42.74,
    42.81,
    42.86,
    42.73,
    43.09,
    43.01,
    42.77,
    42.97,
    43.05,
    42.99,
    43.07,
    43.01,
    42.92,
    42.95,
    42.94,
    43.08,
    43.03,
    43.0,
    43.1,
    43.04,
    43.01,
    43.15,
    43.19,
    43.33,
    43.61,
    43.12,
    43.46,
    43.23,
    43.24,
    43.32,
    43.3,
    43.3,
    43.2,
    43.33,
    43.42,
    43.56,
    43.32,
    43.55,
    43.29,
    43.41,
    43.39,
    43.25,
    43.35,
    43.36,
    43.4,
    43.43,
    43.42,
    43.5,
    43.51,
    43.49,
    43.45,
    43.44,
    43.46
  ],
  "train_loss_history": [
    4.213368948912009,
    3.833228047688802,
    3.6046044007325784,
    3.4121686324095113,
    3.222976987789839,
    3.053817197604057,
    2.9240601625197975,
    2.8103375997298805,
    2.7017142014625746,
    2.6099158849471653,
    2.5352799598987286,
    2.4603558784876114,
    2.382097173348451,
    2.3041540365952713,
    2.24588358830183,
    2.1825912940196504,
    2.1135231433770594,
    2.045614359317682,
    1.9715971555465306,
    1.908149063281524,
    1.842712212831546,
    1.7749189199545445,
    1.718342421605037,
    1.6505243931061182,
    1.5870113164950639,
    1.517649373641381,
    1.4511887275255644,
    1.379514894118676,
    1.31971841775454,
    1.2529415011405944,
    1.1911833860935308,
    1.1221467170959865,
    1.0627620424979771,
    1.003750291848794,
    0.9396159379910201,
    0.8901785034399766,
    0.8340238222709069,
    0.782751488379943,
    0.739917781108465,
    0.6839782455028631,
    0.6400057726945633,
    0.6047674724688896,
    0.5634951738210825,
    0.5344185966711777,
    0.5081024333452567,
    0.4791318810903109,
    0.4513640191310491,
    0.4264052592791044,
    0.4048786239746289,
    0.38591585220434726,
    0.368628818102372,
    0.346558854671625,
    0.3356931581711158,
    0.3218941724453217,
    0.30413098595081234,
    0.289540900175388,
    0.2723829630857859,
    0.2682208485328234,
    0.26028125500067684,
    0.2507466265024283,
    0.24254110348530306,
    0.22889192425287685,
    0.21728815444004843,
    0.21296691928918546,
    0.2079017072916031,
    0.2017486326205425,
    0.19147715664062745,
    0.1847186728929862,
    0.17842230735680994,
    0.17119201727402517,
    0.16574467424398814,
    0.16315800012686313,
    0.15570780543180612,
    0.15200462956459093,
    0.1478654696009098,
    0.14285126355213998,
    0.14373308469851812,
    0.12979028759858546,
    0.13164759599245512,
    0.12452977387568889,
    0.12076076286343428,
    0.12026082155032036,
    0.1175657909267988,
    0.10950621920518386,
    0.11102487162137643,
    0.10324711029728253,
    0.09907818262775739,
    0.09951038417907862,
    0.09193244987191299,
    0.09032698724514399,
    0.08818431504261799,
    0.08364063604519917,
    0.0806798222164313,
    0.08342196568846702,
    0.07819270526942534,
    0.07469444456390846,
    0.07391318833598724,
    0.06985237729281951,
    0.066781577324638,
    0.06592225201236895,
    0.06199950999938525,
    0.06334860462408799,
    0.06110866599931167,
    0.05798040845264227,
    0.060237090967786615,
    0.05417261500007067,
    0.05204777809289785,
    0.05139204927552969,
    0.048221625397220635,
    0.04672869220376015,
    0.04572903484297104,
    0.04402657133073379,
    0.04374306392497741,
    0.03849868159263562,
    0.03987027161683027,
    0.0376013731631713,
    0.03601152206269594,
    0.033747927008722076,
    0.03333308030970586,
    0.03222132177116015,
    0.03260175572851529,
    0.029275960413118203,
    0.029200960566791206,
    0.028450078376306174,
    0.02696530697867274,
    0.02608313146405495,
    0.024043454377888105,
    0.022278438878651614,
    0.021863549845054363,
    0.019293731823563576,
    0.01855203123190082,
    0.01871854793996765,
    0.0179612868752044,
    0.016791190004023987,
    0.015346175785630177,
    0.01556452610410559,
    0.01528224193562682,
    0.013161119594214819,
    0.012820202520547004,
    0.012127469434665564,
    0.011169784972205376,
    0.010622119767448077,
    0.009940150143721928,
    0.010829852156054516,
    0.009678659127213251,
    0.010163688805336371,
    0.008499653551440972,
    0.007842163006082559,
    0.006350453171688013,
    0.007239601725282577,
    0.007568558243413766,
    0.006514889018562359,
    0.006424753874158248,
    0.0058824165676457756,
    0.005523961039785391,
    0.005281632238378128,
    0.004979653357981871,
    0.004950751001254106,
    0.004663912166292087,
    0.0038853823852080566,
    0.0040553492828248406,
    0.0039194987203257205,
    0.0035695097958430267,
    0.003613002490825378,
    0.0036690450392854517,
    0.0030021970661786887,
    0.0030546543618234306,
    0.002985626867470833,
    0.0030441395771235993,
    0.0027876270791658986,
    0.00260917723704225,
    0.0024639915221203595,
    0.0024967435747385025,
    0.0022559334547855915,
    0.0021116578402236488,
    0.002201207975546519,
    0.0022190189824845548,
    0.002007072385496054,
    0.0019203216816561345,
    0.001886715744741452,
    0.0018268439059074108,
    0.001916203354127132,
    0.0017531970300926612,
    0.0016711834077842724,
    0.0016577947025115673,
    0.0016749112102656793,
    0.0016013609890181285,
    0.0015549140910689648,
    0.0015561747149779245,
    0.0014915422560312808,
    0.0015590992827828115,
    0.0014374307117974146,
    0.0014266797460806674,
    0.0016845343706126397,
    0.001485086972705829,
    0.0013753238707207717,
    0.0014806736260652542,
    0.0014479859111209711,
    0.0013000019348393648,
    0.0014981526881456375
  ],