{
  "best_acc": 43.62,
  "final_mean": 42.354,
  "test_acc_history": [
    9.72,
    13.42,
    16.82,
    20.44,
    23.14,
    25.51,
    28.14,
    30.11,
    32.23,
    32.94,
    34.5,
    35.53,
    36.11,
    36.68,
    38.51,
    37.97,
    39.73,
    40.09,
    40.89,
    41.51,
    41.6,
    42.18,
    42.98,
    42.16,
    42.77,
    43.03,
    43.03,
    42.52,
    43.56,
    42.9,
    43.29,
    43.62,
    43.27,
    42.57,
    43.51,
    42.86,
    41.96,
    42.48,
    43.23,
    42.52,
    41.78,
    42.43,
    42.2,
    41.8,
    41.75,
    41.77,
    41.81,
    41.27,
    41.63,
    41.5,
    41.99,
    41.03,
    41.53,
    41.85,
    41.15,
    41.2,
    40.18,
    41.37,
    41.03,
    40.78,
    40.84,
    41.65,
    41.69,
    41.48,
    41.36,
    40.47,
    41.3,
    41.58,
    40.97,
    41.17,
    41.36,
    41.52,
    40.79,
    41.71,
    41.51,
    41.77,
    41.24,
    41.61,
    41.95,
    41.92,
    40.8,
    40.89,
    41.24,
    41.61,
    41.37,
    41.01,
    41.48,
    41.06,
    40.85,
    41.3,
    41.77,
    41.13,
    40.83,
    40.81,
    41.09,
    40.99,
    41.0,
    41.57,
    41.35,
    40.99,
    41.36,
    41.13,
    41.32,
    40.96,
    41.33,
    41.44,
    40.93,
    41.12,
    41.63,
    41.51,
    41.74,
    41.18,
    41.08,
    41.59,
    41.75,
    41.56,
    41.71,
    41.57,
    41.57,
    42.27,
    41.37,
    41.49,
    41.58,
    41.71,
    41.61,
    41.55,
    41.94,
    41.7,
    41.25,
    41.66,
    41.79,
    41.45,
    41.2,
    41.99,
    41.43,
    41.97,
    41.54,
    42.04,
    41.57,
    41.96,
    41.53,
    41.91,
    42.03,
    42.04,
    42.14,
    41.87,
    42.14,
    42.41,
    41.96,
    42.28,
    42.04,
    41.92,
    42.2,
    41.95,
    42.24,
    42.52,
    42.41,
    42.21,
    41.96,
    42.27,
    42.5,
    42.43,
    42.5,
    42.55,
    42.58,
    42.43,
    42.36,
    42.44,
    42.43,
    42.46,
    42.32,
    42.65,
    42.33,
    42.41,
    42.5,
    42.37,
    42.5,
    42.69,
    42.6,
    42.55,
    42.36,
    42.53,
    42.3,
    42.41,
    42.38,
    42.32,
    42.26,
    42.36,
    42.46,
    42.37,
    42.41,
    42.45,
    42.45,
    42.45,
    42.44,
    42.35,
    42.35,
    42.34,
    42.37,
    42.36
  ],
  "train_loss_history": [
    4.188602134508964,
    3.8177648593217897,
    3.5750408466045673,
    3.3701771137041923,
    3.188065043473855,
    3.0359627014551407,
    2.908547636178824,
    2.8001194978371644,
    2.707301961458646,
    2.622956075423803,
    2.5412709920834273,
    2.466368495501005,
    2.3918683651166086,
    2.316758699906178,
    2.2436431530194403,
    2.1915998098177787,
    2.1287257873095,
    2.0636957951081105,
    1.9980413950406588,
    1.9334173728258182,
    1.8681154697369307,
    1.8088819332611867,
    1.7497289865444867,
    1.6777966083624425,
    1.6113446522981694,
    1.5403943116848284,
    1.4701157838870318,
    1.4066486664307423,
    1.3479607050235456,
    1.279541378449171,
    1.2145010428550915,
    1.1522085079779991,
    1.0909851590792339,
    1.0349505733221005,
    0.9688612314370962,
    0.910628315118643,
    0.8568041587487245,
    0.7971451939680637,
    0.7534921502455687,
    0.7123068760602902,
    0.6576125247356219,
    0.6325171236808483,
    0.5920142146257253,
    0.5434917951241518,
    0.5145743845364986,
    0.4894671802337353,
    0.462765086767001,
    0.43729185859362285,
    0.41217691011917895,
    0.39442042509714764,
    0.382820536616521,
    0.3568760579213118,
    0.346592975121278,
    0.3302522530922523,
    0.31303468858584377,
    0.29168979800664463,
    0.27866639357346756,
    0.2713660660462502,
    0.26119889326584644,
    0.24989156665710302,
    0.2436722253377621,
    0.23402078518500694,
    0.22585660948967323,
    0.21290858930502182,
    0.20928862671821546,
    0.2011573925996438,
    0.18839776313457735,
    0.1848429969870127,
    0.1791889394323031,
    0.17559159218500822,
    0.1667774844246033,
    0.16449349354474974,
    0.15994515403723106,
    0.15300805897284778,
    0.1479531684365028,
    0.14029307075035877,
    0.1408445073243899,
    0.13325808479999884,
    0.13224988549183578,
    0.12762663647150382,
    0.12083943352485314,
    0.11810036507936625,
    0.11323272381455471,
    0.11498294753523973,
    0.10870176351223236,
    0.10428113052860284,
    0.09853934676219256,
    0.09868210280934969,
    0.09663726146786641,
    0.09489822427813824,
    0.08911714020829935,
    0.08670295316439408,
    0.08813754243728442,
    0.08139863507105755,
    0.07936939862676155,
    0.07566798174610505,
    0.07466269751580862,
    0.07114848377995002,
    0.06884652217611288,
    0.0687960884700983,
    0.06350448915782647,
    0.06341654706077698,
    0.05911982766328714,
    0.05845237143146686,
    0.056252979076443575,
    0.05413692738765325,
    0.054656914268166594,
    0.051996055598824455,
    0.0487383095595317,
    0.04691837673576978,
    0.04522137505790362,
    0.0434276776913649,
    0.04102795904454513,
    0.040968981041358064,
    0.03964337942500909,
    0.03822973654724848,
    0.03721977352904968,
    0.035417628813630496,
    0.03333737272291611,
    0.032765340274916246,
    0.032361579103729665,
    0.030586528185850535,
    0.029567505629398885,
    0.0277273237084349,
    0.026273559387295673,
    0.024305416414370902,
    0.023550108337822635,
    0.021476409722788213,
    0.02233203723310278,
    0.02012003968254878,
    0.020040641803867543,
    0.018090619407116603,
    0.018916041561617303,
    0.018312704097479583,
    0.016988755084383182,
    0.01489118348616056,
    0.014932909345206542,
    0.014526402341345182,
    0.013446357492835093,
    0.013490389812833223,
    0.012297451020910954,
    0.010991055986438042,
    0.010782157085262811,
    0.010154398029240279,
    0.010467440957346788,
    0.008429565860961493,
    0.00894300910906914,
    0.008267968943199287,
    0.007341141387438163,
    0.006974275424503363,
    0.006973402782414968,
    0.0068583199849877605,
    0.005930414361258348,
    0.0060251692954737405,
    0.005569793245731256,
    0.005049069555333028,
    0.005227978291133276,
    0.005059960190779888,
    0.004674167532282762,
    0.00423436421327866,
    0.004249343856309469,
    0.0043018333470592135,
    0.003817379197631127,
    0.003980457006643216,
    0.0035603993930495704,
    0.0031022225626004046,
    0.0035406936151094926,
    0.0029997101101355674,
    0.0030719233891711786,
    0.002855282678053929,
    0.0030220576299306674,
    0.0032064933449220965,
    0.0026509707841353538,
    0.002664901297061871,
    0.0023331445617935597,
    0.0022057083005515427,
    0.0023143442443166024,
    0.002392134204124793,
    0.0021871498165031275,
    0.0021684091920271898,
    0.0021373958971637945,
    0.0021196936113903157,
    0.002094998970054663,
    0.002139124462906367,
    0.002044480943526977,
    0.002103710461121339,
    0.002123238681218563,
    0.0018256199307357653,
    0.0018111294732452968,
    0.0017780122777017262,
    0.0019098963063114728,
    0.0017215919203292102,
    0.0017098444203535715,
    0.0017644069587381987,
    0.0016099401104908723,
    0.0016322499594818322,
    0.0017122056000889877,
    0.0016962354405759238,
    0.0017218939386881315,
    0.001678998866237891
  ],