{
  "best_acc": 47.68,
  "final_mean": 46.599999999999994,
  "test_acc_history": [
    8.2,
    10.07,
    12.23,
    14.13,
    16.66,
    19.12,
    19.97,
    22.93,
    23.99,
    24.23,
    25.78,
    27.87,
    28.75,
    29.1,
    29.54,
    30.79,
    31.56,
    31.48,
    32.79,
    33.99,
    34.39,
    35.55,
    35.73,
    35.96,
    36.41,
    37.29,
    38.0,
    38.32,
    38.56,
    39.25,
    38.86,
    40.17,
    39.41,
    40.81,
    41.11,
    41.86,
    41.4,
    41.9,
    42.02,
    42.82,
    42.34,
    43.41,
    42.83,
    42.85,
    44.11,
    43.96,
    44.41,
    44.5,
    44.85,
    44.79,
    44.3,
    45.0,
    44.47,
    45.05,
    44.97,
    45.95,
    45.17,
    45.06,
    45.28,
    45.62,
    45.94,
    45.95,
    45.81,
    46.52,
    46.03,
    45.89,
    45.86,
    47.18,
    46.78,
    47.08,
    47.11,
    47.06,
    46.92,
    46.94,
    47.42,
    46.64,
    47.2,
    47.5,
    46.96,
    46.69,
    47.31,
    46.49,
    47.34,
    46.57,
    47.17,
    47.08,
    47.11,
    47.21,
    46.99,
    47.33,
    47.31,
    47.4,
    47.53,
    47.14,
    46.97,
    47.17,
    47.29,
    47.47,
    47.16,
    46.92,
    46.9,
    47.02,
    47.42,
    47.56,
    46.91,
    47.23,
    47.62,
    47.04,
    47.68,
    47.41,
    47.23,
    46.96,
    47.04,
    47.09,
    47.4,
    46.62,
    46.69,
    46.75,
    46.66,
    47.14,
    47.43,
    46.68,
    46.5,
    47.05,
    47.12,
    46.69,
    47.19,
    47.31,
    46.96,
    47.03,
    46.78,
    47.0,
    46.88,
    46.63,
    46.9,
    47.05,
    47.02,
    47.11,
    46.8,
    46.86,
    46.73,
    47.32,
    46.43,
    46.36,
    47.03,
    46.87,
    46.89,
    46.65,
    46.65,
    46.55,
    46.49,
    46.78,
    46.57,
    46.47,
    46.7,
    46.91,
    46.57,
    46.69,
    46.74,
    47.0,
    46.76,
    46.83,
    46.59,
    47.09,
    46.72,
    46.66,
    46.49,
    46.76,
    46.74,
    46.79,
    46.68,
    46.74,
    47.03,
    46.76,
    46.82,
    46.46,
    46.65,
    46.76,
    46.66,
    46.72,
    46.61,
    46.48,
    46.57,
    46.65,
    46.47,
    46.63,
    46.74,
    46.48,
    46.6,
    46.47,
    46.47,
    46.58,
    46.62,
    46.57,
    46.59,
    46.61,
    46.61,
    46.61,
    46.58,
    46.59
  ],
  "train_loss_history": [
    4.3121518257336735,
    4.057845130333534,
    3.8974381520197943,
    3.75568421681722,
    3.613405971038036,
    3.469817803456233,
    3.349672313836905,
    3.250060121829693,
    3.1634584952623417,
    3.091964259514442,
    3.0263273275815523,
    2.9666120749253495,
    2.9123451086191032,
    2.8536475841815654,
    2.804283757087512,
    2.7587149143218994,
    2.717644620553041,
    2.6715397981496958,
    2.6305344936175223,
    2.5910297797276423,
    2.551409365580632,
    2.516132913491665,
    2.485336166773087,
    2.4487665799947886,
    2.4246037642161054,
    2.389460535538502,
    2.362566021161202,
    2.3311432691720815,
    2.3006608547308507,
    2.274808636078468,
    2.2507518597138234,
    2.2342678063955064,
    2.204234667924734,
    2.1806234818238477,
    2.154777634449494,
    2.1310104993673473,
    2.1094251975035054,
    2.0873421247188864,
    2.0597165040480783,
    2.0451561206426376,
    2.0187031672551083,
    2.000018707299844,
    1.9779334098864825,
    1.9563135324380336,
    1.9394228837428948,
    1.9203425138424604,
    1.8984486683821067,
    1.8778243486697856,
    1.8641240645677615,
    1.83897423071739,
    1.8179396409254807,
    1.800240082007188,
    1.7857674354161972,
    1.7665065398583046,
    1.7422402815941052,
    1.733773885629116,
    1.707831086256565,
    1.6919081058257666,
    1.6723947940728603,
    1.656379132393079,
    1.640048356545277,
    1.627115200727414,
    1.60522849437518,
    1.5918242625701122,
    1.5672282176140027,
    1.5562856148450803,
    1.5418496633187317,
    1.52047249292716,
    1.505665606718797,
    1.489964246749878,
    1.4608385208325507,
    1.4564753049459214,
    1.4414069389685606,
    1.4231180062660804,
    1.4027039350607455,
    1.3892382799050746,
    1.3815140559123114,
    1.3611140104440542,
    1.343937505208529,
    1.3351313101939666,
    1.3195050086730566,
    1.300242554835784,
    1.2873676232802562,
    1.272511432109735,
    1.2564203977584838,
    1.2391002257664998,
    1.2318110016676096,
    1.2083021264809828,
    1.1949279485604702,
    1.1829215780282631,
    1.168808984450805,
    1.156844433148702,
    1.1367073208857805,
    1.1298771680929722,
    1.1176734395516223,
    1.0961696615585914,
    1.094519882935744,
    1.07461904776402,
    1.0626792073249818,
    1.048220700178391,
    1.029532701235551,
    1.0196431331145457,
    1.0048029569479136,
    0.9964193946275955,
    0.9836121183175307,
    0.9720459164717259,
    0.9547304990964058,
    0.94553329149882,
    0.9363043778981918,
    0.9228828931466128,
    0.908282592969063,
    0.8994604822916862,
    0.8941771085445698,
    0.8772887948231819,
    0.8587659508754045,
    0.8499315038705484,
    0.8422690593279325,
    0.8306387684284112,
    0.8191344358982184,
    0.8128128259609907,
    0.8014685144791236,
    0.7859361144212577,
    0.7748650477482723,
    0.7704532433778811,
    0.7611500703371488,
    0.7488747731233254,
    0.7407386275438163,
    0.7327262808115055,
    0.7154398157046391,
    0.7142039729998662,
    0.7034392399665637,
    0.6983568747838338,
    0.689306341837614,
    0.6782803422365433,
    0.6654179828289227,
    0.6600935769386781,
    0.6488490459246513,
    0.6440536448588738,
    0.6351157234265254,
    0.6259557627714597,
    0.6224409363208673,
    0.6157204088492271,
    0.6099300847603725,
    0.599861955948365,
    0.5937501225716029,
    0.5872614272129841,
    0.5847841328535325,
    0.5732589663603367,
    0.5649081257673411,
    0.5606735960031167,
    0.5537703459079449,
    0.5516537273541475,
    0.5406781332615095,
    0.5349925790077601,
    0.5304464736045935,
    0.5259137068039331,
    0.5189254623193007,
    0.5167430055447114,
    0.5117627904965327,
    0.5071007276192689,
    0.5026248264007079,
    0.4955808608959883,
    0.49780678565685565,
    0.49460492164660724,
    0.48700449650104227,
    0.4823546148263491,
    0.4793588589399289,
    0.4734830582753206,
    0.4690535473517882,
    0.46564266620538175,
    0.4701334630831694,
    0.46533281955963524,
    0.46165109903384477,
    0.459946938814261,
    0.4543140833194439,
    0.45025728482466476,
    0.4501958498587975,
    0.44985199662355274,
    0.4462041485003936,
    0.44091709439571086,
    0.4415036640106103,
    0.44278434239901027,
    0.4366860981170948,
    0.44034873766776844,
    0.4356974022510724,
    0.42979533473650616,
    0.43152006696432066,
    0.4300094572397379,
    0.43028946916262306,
    0.43049972760371674,
    0.428555130194395,
    0.42948193580676347,
    0.4258677636965727,
    0.4272531414643312,
    0.423932597728876,
    0.4295084140239618,
    0.4268991791285001,
    0.4262444867537572,
    0.42673040047670024,
    0.4240668874520522
  ],