{
  "best_acc": 43.36,
  "final_mean": 42.827999999999996,
  "test_acc_history": [
    10.15,
    13.61,
    16.9,
    19.22,
    23.52,
    26.89,
    28.31,
    29.05,
    31.68,
    32.77,
    33.47,
    34.32,
    36.27,
    36.53,
    37.89,
    38.46,
    39.39,
    40.2,
    40.56,
    40.76,
    41.51,
    41.2,
    42.02,
    42.64,
    43.03,
    42.97,
    42.68,
    42.81,
    43.07,
    42.74,
    42.47,
    42.71,
    43.36,
    42.8,
    42.26,
    43.31,
    42.54,
    41.89,
    42.26,
    41.62,
    41.99,
    41.49,
    41.83,
    41.58,
    42.04,
    41.63,
    41.66,
    41.51,
    42.45,
    41.59,
    42.27,
    41.6,
    41.71,
    41.33,
    41.41,
    41.32,
    41.29,
    40.92,
    41.09,
    41.48,
    41.3,
    41.13,
    41.9,
    40.88,
    40.88,
    41.01,
    40.58,
    40.98,
    40.32,
    41.35,
    40.66,
    41.29,
    40.7,
    41.1,
    41.28,
    41.37,
    41.23,
    41.31,
    41.12,
    41.0,
    41.39,
    41.49,
    41.07,
    41.47,
    40.91,
    41.4,
    41.1,
    41.52,
    41.44,
    41.08,
    41.79,
    41.65,
    41.39,
    41.77,
    41.54,
    41.74,
    41.48,
    41.08,
    40.93,
    41.48,
    41.03,
    41.07,
    41.41,
    41.85,
    41.95,
    41.77,
    42.18,
    41.84,
    41.66,
    42.07,
    41.86,
    42.04,
    41.35,
    41.66,
    41.79,
    42.12,
    41.5,
    42.1,
    42.04,
    41.7,
    41.84,
    41.78,
    41.98,
    41.99,
    42.21,
    41.9,
    41.94,
    42.11,
    42.07,
    42.26,
    41.64,
    41.75,
    41.96,
    41.9,
    41.54,
    42.12,
    42.27,
    42.06,
    41.74,
    42.26,
    41.9,
    42.26,
    42.05,
    42.35,
    42.52,
    42.24,
    42.11,
    42.14,
    42.14,
    42.48,
    42.16,
    42.62,
    42.17,
    42.36,
    42.21,
    42.39,
    42.27,
    42.25,
    42.67,
    42.53,
    42.43,
    42.63,
    42.45,
    42.54,
    42.39,
    42.52,
    42.68,
    42.72,
    42.25,
    42.55,
    42.44,
    42.57,
    42.68,
    42.58,
    42.55,
    42.64,
    42.78,
    42.82,
    42.76,
    42.79,
    42.61,
    42.8,
    42.74,
    42.67,
    42.78,
    42.79,
    42.76,
    42.72,
    42.7,
    42.86,
    42.75,
    42.77,
    42.72,
    42.7,
    42.75,
    42.78,
    42.85,
    42.84,
    42.81,
    42.86
  ],
  "train_loss_history": [
    4.182571548070663,
    3.817436795356946,
    3.5902148980360766,
    3.3746968880677835,
    3.1873427085387402,
    3.020222205382127,
    2.8920518826215695,
    2.79119094090584,
    2.6977366496355106,
    2.6104062459407706,
    2.5311978242336175,
    2.456780899488009,
    2.382996116540371,
    2.3070768784254025,
    2.2363456139197715,
    2.1697749840907563,
    2.0910163103005823,
    2.0298119887327535,
    1.9657611541258984,
    1.8932756980260212,
    1.8285144543036436,
    1.763680881720323,
    1.6983448028564454,
    1.629897283285092,
    1.5647304541025406,
    1.4980848795328385,
    1.4250496460841253,
    1.3551275106576772,
    1.294834597905477,
    1.2247660123384916,
    1.1701884236091222,
    1.0994483082722395,
    1.0427913629091703,
    0.9836758699172582,
    0.9173291729046749,
    0.8649024028044481,
    0.8117206591826219,
    0.7584380978193038,
    0.7147981139329763,
    0.666633422099627,
    0.6287810609890865,
    0.5965957095989814,
    0.5552484813408974,
    0.5269069121434138,
    0.4953607111405104,
    0.4665881091203445,
    0.44046510962339547,
    0.4197977975392953,
    0.39730493304056996,
    0.37125962865658296,
    0.36062685618033774,
    0.3436781673095165,
    0.3262251312151933,
    0.3142321831904925,
    0.29828939659473225,
    0.2880874932576448,
    0.274866821597784,
    0.2650096583060729,
    0.25449002583821617,
    0.24338358014057845,
    0.2340013455121945,
    0.22534600809598582,
    0.2193669115121548,
    0.21227795099600769,
    0.20087023216944475,
    0.1977241278076783,
    0.1866816717844743,
    0.1798398657104908,
    0.17620329616161493,
    0.1671298940976461,
    0.16450075793724794,
    0.1570520914135835,
    0.1568734374565956,
    0.14761394216464116,
    0.1485554481164003,
    0.1387793549742454,
    0.13208627395140818,
    0.1330835453974895,
    0.12727805142983412,
    0.12219609446250475,
    0.11802809647260568,
    0.11590932649679674,
    0.11339718470206628,
    0.10807610236299343,
    0.10502556848984498,
    0.10231613534001203,
    0.09542892894301659,
    0.09758144825314864,
    0.09193063246516081,
    0.09118484757267512,
    0.087330728272597,
    0.08514032510992808,
    0.08369443657306525,
    0.07589727365053617,
    0.07694654762744904,
    0.07496242204155677,
    0.06965887632507545,
    0.06954881283335197,
    0.06941745944130115,
    0.06668293285064208,
    0.06184237165710865,
    0.06223009634667482,
    0.05704301780041976,
    0.053569337744743394,
    0.05448910594941714,
    0.05105370367184663,
    0.05260086617408655,
    0.0473437088708847,
    0.047471408889843865,
    0.047401433552686986,
    0.04438051220316153,
    0.04382476820013462,
    0.0398832346050021,
    0.03931390411960773,
    0.037469980827508825,
    0.03604178135880293,
    0.03485058234192622,
    0.031090243724294198,
    0.03400566014341819,
    0.030815469230023713,
    0.028962160575275238,
    0.0283569716490232,
    0.028536857664585115,
    0.026284046437686833,
    0.025414700732112695,
    0.02402162389495434,
    0.023674747228431395,
    0.0227617060383543,
    0.021703314637908568,
    0.019990653676004746,
    0.018000854370303642,
    0.017031790941762617,
    0.016153440390450833,
    0.01655461489676665,
    0.014711845637514041,
    0.013896999250237758,
    0.014443481431748622,
    0.013425603709541835,
    0.012229622427660685,
    0.012660151049017142,
    0.011348265691254383,
    0.01057965505677156,
    0.010368149121029254,
    0.009888704319317371,
    0.00934237230521364,
    0.008854011047440461,
    0.008436173021506805,
    0.007257461600387708,
    0.007195113128863084,
    0.007298804339594566,
    0.006504623157282671,
    0.0053063829954809105,
    0.005808297215172877,
    0.005720490518097694,
    0.0054304337773758635,
    0.0045840681052933905,
    0.00454319076708112,
    0.004702934555900403,
    0.004262697558181408,
    0.004548674523352812,
    0.004030956141650677,
    0.004098172433292254,
    0.0037145220722334506,
    0.0034097227411201366,
    0.003170470451601805,
    0.002924876368771761,
    0.0030149571908017,
    0.0026266023158453976,
    0.002882237204660972,
    0.0028942355241339942,
    0.0025395058023814972,
    0.0023889966356830717,
    0.002188033601030325,
    0.0021616488384703795,
    0.002008616683097222,
    0.002253673557574168,
    0.0020055526700348426,
    0.0019940263949907743,
    0.0017893958932314164,
    0.0020153006729789267,
    0.0018263789586340769,
    0.0016150734148537502,
    0.001743824505366576,
    0.0018147297919942783,
    0.0016152829552690188,
    0.0014945251843295037,
    0.0015591034403023047,
    0.0015058275097264693,
    0.0013519322810073694,
    0.0015165220516232343,
    0.0015186076601728415,
    0.0013976708938104984,
    0.0013933568380964107,
    0.0013736670120404317,
    0.0013567665902276835,
    0.0012919781753459039,
    0.0013775095892831302,
    0.001358872652053833,
    0.0013475106193278081,
    0.0012785109070440133
  ],