{
  "best_acc": 48.01,
  "final_mean": 46.565999999999995,
  "test_acc_history": [
    7.22,
    9.64,
    12.03,
    13.59,
    16.33,
    17.17,
    20.75,
    21.66,
    22.98,
    26.08,
    26.62,
    26.93,
    28.81,
    28.88,
    30.43,
    30.72,
    31.58,
    32.88,
    31.61,
    33.57,
    34.56,
    33.99,
    35.4,
    35.78,
    37.09,
    37.42,
    37.37,
    38.42,
    38.33,
    39.36,
    39.39,
    40.31,
    40.34,
    39.88,
    41.0,
    41.55,
    41.92,
    41.06,
    42.48,
    41.64,
    42.58,
    42.65,
    43.3,
    42.93,
    43.42,
    43.38,
    43.35,
    44.28,
    44.33,
    44.37,
    44.81,
    44.49,
    45.37,
    45.41,
    45.66,
    45.04,
    45.76,
    45.77,
    45.73,
    45.87,
    46.2,
    45.87,
    46.54,
    46.14,
    45.98,
    46.48,
    45.66,
    47.12,
    46.69,
    46.14,
    46.14,
    47.0,
    47.5,
    46.95,
    46.79,
    47.39,
    46.67,
    47.24,
    47.25,
    46.67,
    47.42,
    47.25,
    47.4,
    47.18,
    47.43,
    46.94,
    47.64,
    47.34,
    46.57,
    47.28,
    47.06,
    47.22,
    47.13,
    47.35,
    47.41,
    47.58,
    47.45,
    46.89,
    46.94,
    47.38,
    47.34,
    46.99,
    46.86,
    47.23,
    46.9,
    48.01,
    46.66,
    46.79,
    47.12,
    46.83,
    47.61,
    46.76,
    47.05,
    46.72,
    46.93,
    47.05,
    47.1,
    47.13,
    47.37,
    47.18,
    47.34,
    46.56,
    45.91,
    46.88,
    46.62,
    46.58,
    47.0,
    47.12,
    47.08,
    46.64,
    46.97,
    46.67,
    46.93,
    46.64,
    46.45,
    46.7,
    46.98,
    46.94,
    46.88,
    46.95,
    46.83,
    47.01,
    46.49,
    46.23,
    46.96,
    46.44,
    46.12,
    46.69,
    46.34,
    46.52,
    46.7,
    46.21,
    46.48,
    46.58,
    46.52,
    46.49,
    46.57,
    46.4,
    46.41,
    46.49,
    46.6,
    46.48,
    46.35,
    46.39,
    46.51,
    46.39,
    46.52,
    46.78,
    46.44,
    46.68,
    47.0,
    46.86,
    46.83,
    46.67,
    46.48,
    46.72,
    46.57,
    46.2,
    46.58,
    46.57,
    46.58,
    46.36,
    46.41,
    46.69,
    46.68,
    46.6,
    46.6,
    46.69,
    46.69,
    46.51,
    46.66,
    46.57,
    46.59,
    46.61,
    46.59,
    46.56,
    46.59,
    46.55,
    46.55,
    46.58
  ],
  "train_loss_history": [
    4.329866771208934,
    4.072251852964744,
    3.9096387618627304,
    3.7734417010576298,
    3.638054171586648,
    3.4904442163614124,
    3.3704689942873443,
    3.2644573664053893,
    3.1822578601348095,
    3.098972157942943,
    3.031349287277613,
    2.9710646788279216,
    2.9138593221322084,
    2.8636777890034213,
    2.806985413722503,
    2.768784400744316,
    2.729139339006864,
    2.6837919345268837,
    2.6455968208802054,
    2.606532884255434,
    2.5642437751476583,
    2.530530960131914,
    2.4969645243424634,
    2.4617953691727075,
    2.4344526914449838,
    2.4103901508526926,
    2.371900186783228,
    2.3481964783790783,
    2.320294636946458,
    2.2921793852096948,
    2.2601582013643706,
    2.241010401799129,
    2.2121899996048366,
    2.1899967768253426,
    2.166276196333078,
    2.1354875283363537,
    2.121134803845332,
    2.0944901160704785,
    2.0739570666582154,
    2.048784609330006,
    2.02518992851942,
    2.0028617314803294,
    1.988742221930088,
    1.9620678204756516,
    1.9408205845417121,
    1.9258616325182794,
    1.9026454943877,
    1.8797683067810842,
    1.8649150426571186,
    1.8402122460878811,
    1.8274213723647288,
    1.8065137245716192,
    1.782010495968354,
    1.77075528609447,
    1.7511751437798524,
    1.726919680986649,
    1.7133478843248808,
    1.6938468988125142,
    1.6759402281198745,
    1.6554888126177665,
    1.6413940069002984,
    1.6224715593533638,
    1.6053576157643246,
    1.588461913817968,
    1.5682024081548056,
    1.5488324269270286,
    1.5348281163435715,
    1.5115691924706482,
    1.5030069455122337,
    1.4882107392335548,
    1.4660840743627304,
    1.4560250783577944,
    1.438767665471786,
    1.4222796941414857,
    1.4040008104764499,
    1.3901033273110024,
    1.3734866056686792,
    1.3549992536887145,
    1.3436386505762736,
    1.3272742809393467,
    1.3134122781264477,
    1.2999835338347998,
    1.2864226775291638,
    1.2678946666228466,
    1.2528898330835196,
    1.2364279471910917,
    1.2193999889569405,
    1.2093307109979483,
    1.1891319008973928,
    1.1809706391432346,
    1.1637354612350463,
    1.1453884094189375,
    1.1291641345390906,
    1.1198340205045847,
    1.1025122951238584,
    1.0846864746167109,
    1.0748700423118396,
    1.0595401733349532,
    1.0501986066500346,
    1.0375948068423149,
    1.0196689296991397,
    1.0083925332778538,
    0.9954438493801997,
    0.9775355329880347,
    0.9700088895284212,
    0.9629389432760386,
    0.9441421582148626,
    0.9334582148454128,
    0.9164548757748726,
    0.9121790919548426,
    0.8958812475204467,
    0.8913359947693653,
    0.8760147611300151,
    0.8600283592175215,
    0.848642252653073,
    0.8381134595626439,
    0.8309365382561317,
    0.8230116767761034,
    0.8093457649915646,
    0.7967358671701872,
    0.7867653843684074,
    0.7767290329321836,
    0.768745028361296,
    0.7604893201436752,
    0.7440507732904874,
    0.7351327737172445,
    0.7278948896970504,
    0.7194908530284196,
    0.7038299967081119,
    0.6962512049919519,
    0.6883260196600205,
    0.6781781221047426,
    0.6728708695142697,
    0.666389016310374,
    0.6510844955077538,
    0.645705275505017,
    0.6404169866671929,
    0.6305220793455075,
    0.623664552737505,
    0.6171324182779361,
    0.6107609022886326,
    0.6012443400346316,
    0.5926176285132384,
    0.5822957795399886,
    0.5737366645764082,
    0.5741660756942554,
    0.5620261118962214,
    0.5572739293942085,
    0.5504414695959825,
    0.5467846740514805,
    0.5421642787945576,
    0.5366255599718828,
    0.5285176738714561,
    0.5192676515151293,
    0.5128036766480177,
    0.5122039781166957,
    0.505521608163149,
    0.5006472352223519,
    0.49642496215991483,
    0.4943712482085595,
    0.48941571651360927,
    0.4821034625554696,
    0.4768637782488114,
    0.4753224129860218,
    0.4733092991205362,
    0.46761706456159935,
    0.46611342965028224,
    0.45590208829977574,
    0.4571446006114666,
    0.45431596988286727,
    0.4477566917737325,
    0.4527905896688119,
    0.4426748567666763,
    0.4408734284914457,
    0.439206211689191,
    0.43792033394177754,
    0.4341101415646382,
    0.4330201792411315,
    0.43248848701134707,
    0.42783433733842313,
    0.426187262015465,
    0.42938573039495026,
    0.42396135330200196,
    0.4190191002992483,
    0.41833462654015957,
    0.419421293032475,
    0.41524795966270645,
    0.4189139216374128,
    0.4153400123119354,
    0.41661668863051976,
    0.4181247783012879,
    0.4126910481697474,
    0.4113395733711047,
    0.4131494416640355,
    0.4146941579305209,
    0.41290426850318906,
    0.4132490662428049,
    0.40676023623882196,
    0.41087962495975006,
    0.412602140658941
  ],