{
  "best_acc": 47.97,
  "final_mean": 47.122,
  "test_acc_history": [
    8.01,
    9.71,
    11.07,
    13.32,
    15.91,
    17.99,
    20.27,
    21.66,
    23.89,
    24.24,
    27.06,
    26.91,
    28.39,
    29.01,
    29.59,
    30.63,
    31.92,
    32.51,
    33.55,
    33.67,
    34.12,
    34.99,
    35.76,
    36.59,
    36.2,
    37.32,
    38.77,
    38.58,
    38.38,
    39.06,
    39.52,
    40.39,
    40.18,
    41.44,
    40.96,
    41.28,
    41.69,
    42.09,
    42.57,
    42.74,
    43.66,
    42.95,
    42.78,
    42.85,
    44.08,
    44.14,
    44.23,
    43.14,
    43.83,
    44.47,
    44.69,
    45.15,
    44.79,
    44.73,
    44.8,
    45.68,
    45.48,
    46.33,
    45.87,
    45.75,
    46.03,
    45.51,
    45.75,
    46.76,
    45.62,
    47.0,
    46.14,
    47.07,
    46.27,
    46.57,
    46.41,
    47.06,
    46.83,
    46.57,
    47.67,
    46.48,
    47.49,
    47.16,
    47.31,
    46.63,
    46.49,
    47.62,
    47.97,
    47.32,
    46.75,
    47.71,
    47.16,
    47.27,
    47.78,
    47.6,
    47.87,
    47.53,
    47.75,
    47.54,
    47.61,
    47.06,
    47.3,
    47.13,
    47.33,
    47.06,
    46.92,
    47.4,
    47.16,
    47.35,
    47.21,
    47.3,
    47.15,
    47.27,
    46.92,
    47.11,
    46.64,
    47.09,
    47.37,
    47.59,
    46.99,
    47.62,
    47.02,
    47.06,
    47.66,
    47.73,
    47.31,
    47.27,
    46.91,
    47.46,
    47.08,
    46.51,
    47.21,
    47.2,
    46.87,
    47.01,
    47.27,
    46.66,
    47.1,
    47.04,
    46.56,
    47.64,
    46.41,
    46.95,
    46.99,
    47.2,
    46.67,
    47.17,
    46.83,
    46.91,
    46.71,
    46.51,
    46.61,
    46.61,
    47.2,
    46.61,
    46.43,
    47.06,
    46.78,
    47.05,
    47.23,
    46.81,
    46.4,
    46.96,
    47.28,
    46.74,
    46.87,
    46.63,
    46.7,
    47.03,
    46.68,
    46.81,
    46.89,
    46.75,
    47.05,
    47.12,
    47.05,
    47.19,
    46.96,
    47.05,
    46.97,
    46.95,
    46.72,
    46.82,
    47.31,
    46.81,
    47.06,
    46.92,
    47.03,
    46.85,
    46.86,
    47.09,
    46.94,
    47.1,
    47.14,
    47.17,
    47.03,
    47.13,
    47.07,
    47.12,
    47.08,
    47.18,
    47.07,
    47.12,
    47.12,
    47.12
  ],
  "train_loss_history": [
    4.3258258917392824,
    4.062281906910432,
    3.905591950049767,
    3.7705862754430526,
    3.6315668203891853,
    3.4864288745782313,
    3.3665654610364864,
    3.2602197255843723,
    3.173593832896306,
    3.0974597001687076,
    3.033428765565921,
    2.9667369940342048,
    2.9143110898824838,
    2.856704024779491,
    2.8079584622994447,
    2.758419611515143,
    2.714403811479226,
    2.672909647379166,
    2.632331142670069,
    2.597049727806678,
    2.557418284049401,
    2.523553549937713,
    2.4937440811059415,
    2.4600297634418196,
    2.4306626491057566,
    2.397140008975298,
    2.3681945825234436,
    2.340569997445131,
    2.3106761125417856,
    2.2914306683418078,
    2.259951805457091,
    2.2399480147239488,
    2.2139948539244823,
    2.1834724572988655,
    2.1644329303350203,
    2.1357713509828615,
    2.1147930139150377,
    2.095065207970448,
    2.0698885465279604,
    2.052734917860765,
    2.0292923401563594,
    2.005450557439755,
    1.9825348811271863,
    1.9654507172413362,
    1.94928370989286,
    1.9282029005197379,
    1.9100448247713921,
    1.8862586155915873,
    1.8670613466165005,
    1.847209070279048,
    1.8274839664116884,
    1.810945139787136,
    1.7937923199091201,
    1.7733043994659032,
    1.752761094386761,
    1.7318444967269897,
    1.7152737849797959,
    1.7004940528136032,
    1.6826909921108149,
    1.6689841258220184,
    1.6482181035555326,
    1.630909194701757,
    1.6108464503899598,
    1.596582179191785,
    1.5863122108655099,
    1.5595952743139023,
    1.550000327672714,
    1.5236154959752009,
    1.5151858403132512,
    1.4952171252324031,
    1.4874959352688912,
    1.4640452036490808,
    1.4473367305902334,
    1.432036838776026,
    1.4215032314642881,
    1.3996656955816806,
    1.385272136101356,
    1.3734116517580472,
    1.3515152729474582,
    1.34040884299156,
    1.3233561754226684,
    1.3070429447369698,
    1.2919781599289333,
    1.2765140933868213,
    1.2593883269872421,
    1.250557078459324,
    1.230700109860836,
    1.2150761420910174,
    1.2097485187726142,
    1.1884627589812646,
    1.176043152809143,
    1.1565889645845462,
    1.145534153168018,
    1.1266353784463345,
    1.1240523008199839,
    1.1060201916939174,
    1.09292941735341,
    1.0756242859057892,
    1.0669041951497396,
    1.0537986321327013,
    1.0420299099041865,
    1.023357890202449,
    1.0134672339145954,
    1.0007171612519485,
    0.9837715118359297,
    0.9688764715806032,
    0.958511611742851,
    0.9454853632511236,
    0.9348609493328974,
    0.928090950464591,
    0.9138698742939876,
    0.9039711093291258,
    0.8867958276699751,
    0.877945777391776,
    0.8664725960829319,
    0.8529884692950126,
    0.8501499603956174,
    0.833012034648504,
    0.8268874990634429,
    0.8120305657386779,
    0.8045557887126238,
    0.7844192177821429,
    0.7803463838039301,
    0.7723022754375751,
    0.7591653172786419,
    0.7509919132941808,
    0.7369986152037596,
    0.7329418185429696,
    0.7245768913855919,
    0.7145397076239952,
    0.7090956272223057,
    0.694613319176894,
    0.6867358846542163,
    0.6812876545465909,
    0.6707675102429512,
    0.6630544543266297,
    0.6512150672765878,
    0.6480886496030367,
    0.6351515555993105,
    0.6298253817436023,
    0.6228083497438676,
    0.6148468590699709,
    0.6085074802239736,
    0.6037598009292896,
    0.5940239618986081,
    0.5803237771376585,
    0.5782556374867757,
    0.5743095861031459,
    0.5695630568724412,
    0.5637360042486436,
    0.5531192562518976,
    0.552818260437403,
    0.5464117792936471,
    0.5396127470028707,
    0.536191433820969,
    0.5282463706456698,
    0.5236422899441842,
    0.5174769899783991,
    0.5120925822319129,
    0.509683140883079,
    0.5039372633665036,
    0.4994361224846962,
    0.49840968663875873,
    0.48698045229300474,
    0.4864240797666403,
    0.4822548140317966,
    0.4768299385523185,
    0.47743793099354476,
    0.47138914863268533,
    0.46854357291490606,
    0.4655262427452283,
    0.46328226786393384,
    0.45796009592520887,
    0.45876223735320265,
    0.45590029251881137,
    0.4565654633901058,
    0.45190998117129005,
    0.44682565346742287,
    0.44467607935269676,
    0.4438182976001348,
    0.44517034383920523,
    0.4399153843904153,
    0.4370384097099304,
    0.4418063440384009,
    0.43646648556758194,
    0.43430380255748063,
    0.429137902534925,
    0.4310806998839745,
    0.43022785920363205,
    0.42962873700337534,
    0.427567611902188,
    0.4294667477791126,
    0.4291966693523603,
    0.4312925810997303,
    0.42648408244817687,
    0.42775919788923017,
    0.42765965094933145,
    0.42483970996661063,
    0.427235700075443,
    0.4291423982534653
  ],