{
  "best_acc": 47.94,
  "final_mean": 47.053999999999995,
  "test_acc_history": [
    7.21,
    9.61,
    12.04,
    13.53,
    16.34,
    17.22,
    20.64,
    21.67,
    22.82,
    26.05,
    26.53,
    26.62,
    28.69,
    29.01,
    30.46,
    30.64,
    31.45,
    32.79,
    32.46,
    33.61,
    34.52,
    33.91,
    35.37,
    35.9,
    37.32,
    37.37,
    37.26,
    38.4,
    38.82,
    39.21,
    39.29,
    40.37,
    40.31,
    39.87,
    40.89,
    41.48,
    41.62,
    41.13,
    42.5,
    42.05,
    42.65,
    42.83,
    43.21,
    43.15,
    43.35,
    43.51,
    43.39,
    44.46,
    44.11,
    44.17,
    44.59,
    44.22,
    45.37,
    45.12,
    45.52,
    45.06,
    45.48,
    45.65,
    45.74,
    45.75,
    46.07,
    45.61,
    46.6,
    45.75,
    45.97,
    47.09,
    45.74,
    47.09,
    46.86,
    46.47,
    46.26,
    47.16,
    47.35,
    47.09,
    47.0,
    47.71,
    47.16,
    47.19,
    47.3,
    46.91,
    47.25,
    47.32,
    47.61,
    46.95,
    47.46,
    46.85,
    47.58,
    47.33,
    47.09,
    47.64,
    47.34,
    47.27,
    47.06,
    47.36,
    47.5,
    47.53,
    47.44,
    47.23,
    47.13,
    47.57,
    47.4,
    46.99,
    47.25,
    47.86,
    47.06,
    47.94,
    47.09,
    46.99,
    47.38,
    47.21,
    47.67,
    46.93,
    47.04,
    46.93,
    47.04,
    47.12,
    47.13,
    47.42,
    47.88,
    47.26,
    47.89,
    47.03,
    46.38,
    47.2,
    47.01,
    47.12,
    46.76,
    47.43,
    46.87,
    47.14,
    47.3,
    46.89,
    47.12,
    46.9,
    46.42,
    46.98,
    46.81,
    46.94,
    47.2,
    46.93,
    47.01,
    46.85,
    47.04,
    46.55,
    47.1,
    46.72,
    46.77,
    46.6,
    46.52,
    46.88,
    46.88,
    46.23,
    46.92,
    46.52,
    46.91,
    46.54,
    46.9,
    46.62,
    46.87,
    46.83,
    47.09,
    46.64,
    46.73,
    47.07,
    46.76,
    47.2,
    46.83,
    46.85,
    46.85,
    46.73,
    46.76,
    46.68,
    46.82,
    46.92,
    46.85,
    46.95,
    46.83,
    46.71,
    47.08,
    46.83,
    46.9,
    47.01,
    46.84,
    47.1,
    46.97,
    47.08,
    47.05,
    47.08,
    46.92,
    47.11,
    46.98,
    46.99,
    46.94,
    47.06,
    47.09,
    47.02,
    47.03,
    47.08,
    47.08,
    47.06
  ],
  "train_loss_history": [
    4.329886001195663,
    4.072249642396584,
    3.9096205002222306,
    3.773437680953588,
    3.63811451227237,
    3.4905636958586865,
    3.3705610409761086,
    3.26451684144827,
    3.1822563538184534,
    3.099436259881044,
    3.030122185976077,
    2.971865443694286,
    2.9156646899687937,
    2.867486170010689,
    2.808959619815533,
    2.771025400895339,
    2.7299536558297963,
    2.6841940023960214,
    2.6461964289347333,
    2.6056177273774757,
    2.564505524513049,
    2.5299846698076296,
    2.498686862603212,
    2.4610689065395257,
    2.4383854034619454,
    2.4127254376044642,
    2.373329715239696,
    2.3488179011222643,
    2.320609107384315,
    2.2925648835989145,
    2.2599477688471477,
    2.2414028986906396,
    2.213197756424928,
    2.189657856256534,
    2.165408045817644,
    2.1361804014597183,
    2.12107454202114,
    2.095627148334797,
    2.0743153920540442,
    2.049752819843781,
    2.026532633487995,
    2.0044599001224226,
    1.990411936931121,
    1.962907981261229,
    1.9418504018049974,
    1.9289585932707176,
    1.9046456043536846,
    1.882887603686406,
    1.8685657470654218,
    1.8438873804532565,
    1.8302198446713962,
    1.809755835777674,
    1.7865974414042938,
    1.7754527342625153,
    1.7547550189189423,
    1.731070966598315,
    1.718236346122546,
    1.6978972447224152,
    1.6801575679045457,
    1.6610666935260479,
    1.6465851050156814,
    1.6286668685766368,
    1.6118902267553867,
    1.5932971306336232,
    1.5736451148986816,
    1.5552416422428228,
    1.5402361117876493,
    1.5177876930970413,
    1.5097028512221116,
    1.493959002617078,
    1.4737657602016743,
    1.4636091611324213,
    1.4472922673592201,
    1.4303107597889044,
    1.4122120282588861,
    1.3950175169186714,
    1.3832002688676883,
    1.3652405194747141,
    1.3516340830387212,
    1.3367905097130017,
    1.3242053325359637,
    1.3102387868441068,
    1.2975463708241781,
    1.277138125590789,
    1.262370404219016,
    1.2461448131463466,
    1.2302785830620007,
    1.2200865971736419,
    1.2007124509566869,
    1.1933615666169386,
    1.1756152886610765,
    1.157879254451165,
    1.1432521979014079,
    1.1328483807734955,
    1.1158201749508196,
    1.095807665433639,
    1.0872850552583353,
    1.0728188976263389,
    1.0649325334108792,
    1.0519227082912739,
    1.0346314136798564,
    1.0210397423842015,
    1.0094295321366726,
    0.9929442582986294,
    0.9832509349554013,
    0.9759141900600531,
    0.958221877232576,
    0.9484105571722373,
    0.9310077523573851,
    0.9270131548245748,
    0.9132317616389348,
    0.9057205985753964,
    0.8931864231060713,
    0.8739194225042294,
    0.8632796804110209,
    0.8539090232971387,
    0.8469914870384412,
    0.8363713261408684,
    0.8242856092942067,
    0.8126830097956536,
    0.8025637657214434,
    0.7917676794223296,
    0.7851450663346511,
    0.7746450072679765,
    0.7585638789030221,
    0.7502078670721788,
    0.7455893669372949,
    0.7329231479229071,
    0.7208858985167284,
    0.7105394455102774,
    0.7029997342672103,
    0.6920862518824064,
    0.6882832557727129,
    0.68339585402073,
    0.6661730714333363,
    0.6620784044265747,
    0.6550237810000396,
    0.6478390953479669,
    0.6385171014529009,
    0.6336399536866408,
    0.6263927146410331,
    0.6176309400644058,
    0.606887774895399,
    0.5986965239048004,
    0.5889768123626709,
    0.5900862559294089,
    0.5774832956301861,
    0.5750326495904189,
    0.5662602947308467,
    0.5629385816745269,
    0.5581291741285569,
    0.552401733245605,
    0.5430719345043867,
    0.5365083468266022,
    0.5285467705665491,
    0.5278586219518613,
    0.522840888836445,
    0.5169055328919337,
    0.5114804640794411,
    0.5111186724442702,
    0.5053814244575989,
    0.4994291895475143,
    0.4920377769531348,
    0.49033495432291274,
    0.49018279375174106,
    0.4834169626235962,
    0.4822207481433184,
    0.4719734384463384,
    0.47316281978900615,
    0.4707263634755061,
    0.46335413073882076,
    0.46900286139586034,
    0.4597984236020308,
    0.45714330000755116,
    0.4549260260202946,
    0.4531518037502582,
    0.4506835026618762,
    0.44804860215920667,
    0.44739882548650106,
    0.4427303743668092,
    0.44318544436723756,
    0.44423747032116623,
    0.43992290695508324,
    0.4352432368657528,
    0.4342515162932567,
    0.43471737397022736,
    0.4311011042350378,
    0.43368752889144113,
    0.43169922492442986,
    0.4318440350202414,
    0.4323167848281371,
    0.42855821068470296,
    0.4275054470086709,
    0.428583881793878,
    0.4302950386817639,
    0.4285559556423089,
    0.4278154243261386,
    0.4231598444474049,
    0.4267342258722354,
    0.4289088325622754
  ],