{
  "best_acc": 43.32,
  "final_mean": 42.739999999999995,
  "test_acc_history": [
    10.16,
    13.57,
    16.86,
    19.22,
    23.55,
    26.95,
    28.25,
    28.95,
    31.56,
    33.04,
    33.77,
    34.24,
    36.35,
    36.57,
    38.07,
    38.5,
    39.36,
    40.26,
    40.55,
    40.79,
    41.44,
    41.26,
    42.24,
    42.41,
    42.99,
    43.08,
    43.06,
    42.83,
    43.2,
    42.58,
    42.59,
    42.84,
    43.09,
    42.81,
    42.21,
    42.97,
    42.5,
    41.99,
    42.35,
    41.65,
    42.22,
    41.57,
    41.6,
    41.61,
    42.07,
    41.93,
    41.69,
    41.72,
    41.79,
    41.4,
    41.91,
    41.87,
    42.1,
    41.3,
    41.5,
    41.67,
    41.51,
    41.15,
    41.5,
    41.31,
    41.5,
    41.8,
    41.74,
    41.47,
    41.59,
    41.43,
    40.87,
    41.13,
    41.34,
    41.31,
    41.39,
    41.01,
    41.23,
    41.19,
    41.61,
    41.51,
    41.05,
    40.98,
    41.6,
    41.28,
    41.94,
    41.51,
    41.79,
    41.18,
    41.13,
    41.19,
    41.55,
    41.28,
    41.59,
    41.07,
    41.1,
    42.11,
    41.64,
    41.53,
    41.06,
    41.19,
    41.18,
    41.51,
    41.29,
    41.81,
    41.32,
    41.11,
    41.44,
    41.3,
    41.86,
    40.82,
    41.87,
    41.66,
    41.95,
    41.96,
    41.64,
    41.81,
    41.98,
    41.29,
    41.62,
    41.82,
    42.1,
    42.06,
    41.34,
    41.6,
    41.79,
    41.46,
    41.63,
    41.6,
    41.49,
    41.58,
    42.24,
    41.8,
    41.66,
    41.6,
    41.45,
    41.51,
    41.75,
    41.72,
    41.85,
    42.19,
    42.23,
    42.36,
    42.9,
    42.2,
    42.23,
    41.81,
    42.32,
    42.18,
    42.37,
    42.48,
    42.42,
    42.57,
    42.67,
    42.34,
    42.52,
    42.66,
    43.0,
    42.86,
    42.67,
    42.87,
    42.7,
    42.46,
    42.2,
    42.8,
    42.8,
    42.71,
    42.59,
    43.32,
    42.92,
    42.63,
    42.88,
    42.64,
    42.5,
    42.75,
    42.76,
    42.78,
    42.77,
    42.53,
    42.73,
    42.87,
    42.71,
    42.69,
    42.66,
    42.89,
    42.84,
    42.83,
    42.73,
    42.76,
    42.78,
    42.82,
    42.71,
    42.92,
    42.84,
    42.85,
    42.76,
    42.71,
    42.76,
    42.71,
    42.76,
    42.75,
    42.72,
    42.76,
    42.72,
    42.75
  ],
  "train_loss_history": [
    4.182608462602664,
    3.8176210061097757,
    3.590434497442001,
    3.374830263088911,
    3.1876255756769423,
    3.0203384130429,
    2.8920932940947703,
    2.7913859367370604,
    2.697958633227226,
    2.6111866510831394,
    2.531685282633855,
    2.4571806736481494,
    2.384593693415324,
    2.307957830184545,
    2.2374578842749964,
    2.1717971361600434,
    2.093517687993172,
    2.033689358906868,
    1.9696154832839965,
    1.897154714510991,
    1.8332058851535504,
    1.7681667162821844,
    1.7053495657749664,
    1.6365509351094565,
    1.5727212526859382,
    1.5066307483575283,
    1.4320489773383507,
    1.3646983666297716,
    1.3045384021905753,
    1.2333681002641335,
    1.179520583458436,
    1.1107003496243404,
    1.055422546924689,
    0.992916462971614,
    0.9291034166629498,
    0.8741996679550562,
    0.8233554708652008,
    0.7707636689528441,
    0.7241319955923619,
    0.6755078395207723,
    0.6404579150371063,
    0.6028433277056767,
    0.5644451009921538,
    0.5341714707704691,
    0.5036230593155592,
    0.4748546578945258,
    0.44777713081775566,
    0.42359493787472063,
    0.4063351970452529,
    0.3764675389497708,
    0.3637601245672275,
    0.34763278502684375,
    0.3269522886245679,
    0.319947516077604,
    0.30113587509363127,
    0.2897856376874141,
    0.2752577924575561,
    0.272354329090852,
    0.2575099589732977,
    0.24762262258774195,
    0.2415448615184197,
    0.22672464901056044,
    0.22351368230122787,
    0.21523591719376736,
    0.2045173052793894,
    0.1984920356136102,
    0.1886252238200261,
    0.18254215384905154,
    0.17674615471026836,
    0.17176900078088808,
    0.16719547918973826,
    0.16059770018626482,
    0.15796678647016868,
    0.1483638048171997,
    0.14352789540321398,
    0.14292361629314912,
    0.13578100078381025,
    0.13209854811429977,
    0.13047104023205927,
    0.12071154461457179,
    0.11895934908817976,
    0.1197297253096715,
    0.11439862065972425,
    0.11137063820392658,
    0.1082753850099368,
    0.10122313317962182,
    0.098809453080862,
    0.09346306301080264,
    0.09296787002911934,
    0.0935391559623755,
    0.09132180213928223,
    0.08653821855401382,
    0.08315999139195833,
    0.0772570123275121,
    0.07693661979566782,
    0.07410310377868322,
    0.07234184694213745,
    0.06886426816001917,
    0.07020696325179858,
    0.06610853865933725,
    0.06468752741049498,
    0.06079793726213467,
    0.05830812206826149,
    0.05567415093955321,
    0.05403764571230381,
    0.0531168301231586,
    0.05338091693627529,
    0.048860271446979964,
    0.04689165554367579,
    0.047285047612893275,
    0.043096091139775056,
    0.04128833886904594,
    0.04115765835994329,
    0.0398304577343739,
    0.040316862713259,
    0.038390051449338596,
    0.03665755490461985,
    0.03589564555157453,
    0.03241472509809029,
    0.031222889949687017,
    0.030811547679014693,
    0.02821157465282923,
    0.02816022827457159,
    0.026606043280126192,
    0.02581036989457714,
    0.024430491593785776,
    0.023212442198433936,
    0.021365491666186315,
    0.020979801376756185,
    0.021698994886798738,
    0.01890302259618273,
    0.016957307850512176,
    0.018170988351966327,
    0.01688273157685613,
    0.013918994407718762,
    0.015078678254324657,
    0.014593743095890835,
    0.013144830509256094,
    0.012227709830189363,
    0.01237437243406207,
    0.010982784160818809,
    0.010581804408381383,
    0.010425437112840323,
    0.010982937795611528,
    0.01026119735235205,
    0.008887430660140055,
    0.009316537856387022,
    0.007794620684133126,
    0.007380568792518132,
    0.006951623161633809,
    0.007344657808351211,
    0.00632726680009793,
    0.005560944105188052,
    0.005546491894011314,
    0.00559202602180915,
    0.004957679704500314,
    0.004644433537927957,
    0.005034312271536925,
    0.004641938445946345,
    0.004438625985326675,
    0.004234395916454303,
    0.004552915355620476,
    0.004518577568710614,
    0.0037836204020258706,
    0.0033829369104634494,
    0.0035676780777672925,
    0.0034727125930098385,
    0.0032471318538181294,
    0.0034424285834225325,
    0.0028670580938267402,
    0.0030027501499996735,
    0.0029405132747995547,
    0.002536488892749334,
    0.0025052585209218354,
    0.002439805203809952,
    0.0025099883906734297,
    0.0022418028245178552,
    0.0023528414420210396,
    0.0021499606971748363,
    0.001963577183106771,
    0.0021945435410508744,
    0.002066637415629931,
    0.0020671499081147023,
    0.0020380456573688066,
    0.0019191781990230083,
    0.002104316145563737,
    0.0018814543477044655,
    0.0018432712206282677,
    0.0017955459845371735,
    0.001951770245646819,
    0.0017560021999554756,
    0.0017989033642105568,
    0.0016936631873250008,
    0.001742083285577022,
    0.0016683366245184188,
    0.0017735266293852758,
    0.00173627860748615,
    0.0017310326393598166,
    0.0017439131601116595,
    0.0016062299720942975
  ],